:020000040800F2
:10000000C8EF0020A50200083F450008CB3C0008CF
:100010003D450008F90D00084559000800000000A2
:10002000000000000000000000000000E1010008E6
:1000300055130008000000003D020008894B00082D
:10004000BF020008BF020008BF020008BF0200088C
:10005000BF020008BF020008BF020008BF0200087C
:10006000BF020008BF020008BF020008BF0200086C
:1000700099120008BF020008A5120008BF0200087C
:10008000BF020008BF020008BF020008BF0200084C
:10009000BF020008BF020008BF020008BF0200083C
:1000A000654C0008A94C00088D4C0008814C0008E4
:1000B000B54C0008C14C0008CD4C0008BF02000838
:1000C000BF020008BF020008BF020008BF0200080C
:1000D000BF02000815580008215800082D580008D4
:1000E000BF020008BF020008BF020008014D00085F
:1000F000354D0008194D00080D4D0008BF020008DD
:10010000BF020008BF020008D94C0008BF02000867
:10011000BF020008C9510008BF020008E54C0008F2
:10012000BF020008BF020008BF020008BF020008AB
:10013000BF020008BF020008BF020008BF0200089B
:10014000BF020008BF020008BF020008BF0200088B
:10015000BF020008BF020008BF020008BF0200087B
:10016000BF020008BF020008BF020008BF0200086B
:10017000BF020008BF020008BF020008BF0200085B
:10018000BF020008BF020008D5510008E151000875
:10019000BF020008BF020008BF020008BF0200083B
:1001A000BF020008BF020008BF020008BF0200082B
:1001B000BF020008BF020008BF020008BF0200081B
:1001C000BF020008BF020008DFF810D000F044FBB7
:1001D0000048004709730008AFF30080C8EF002013
:1001E0002D4B19680868B0E8F04F80F30988BFF319
:1001F0006F8F4FF0000080F31188704700000000FF
:1002000008480068006880F308884FF0000080F319
:10021000148862B661B6BFF34F8FBFF36F8F00DFF4
:1002200000BF00BF08ED00E0DFF80C00016841F4FA
:1002300070010160704700BF88ED00E0EFF30980B6
:10024000BFF36F8F144B1A681EF0100F08BF20ED1C
:10025000108A20E9F04F106009B44FF0500072B6D8
:1002600080F31188BFF34F8FBFF36F8F62B609F031
:10027000ABFA4FF0000080F3118809BC19680868D8
:10028000B0E8F04F1EF0100F08BFB0EC108A80F3FA
:100290000988BFF36F8F704714000020EFF30580CB
:1002A000704700000648804706480047FEE7FEE723
:1002B000FEE7FEE7FEE7FEE7FEE7FEE7FEE7FEE716
:1002C000554C0008C90100082DE9F05F05460020E3
:1002D00092469B4688460646814640241BE02846B7
:1002E00041464746224600F003F953465A46C01A93
:1002F000914110D311461846224600F0EAF82D1A13
:1003000067EB01084F4622460120002100F0E1F88A
:1003100017EB00094E41201EA4F10104DFDC484622
:1003200031462A464346BDE8F09F10B5431A934232
:1003300009D28318881803E010F8011D03F8011D85
:10034000521EF9D210BD40EA01039B0703D009E019
:1003500008C9121F08C0042AFAD203E011F8013BB1
:1003600000F8013B521EF9D210BDD2B201E000F8F4
:10037000012B491EFBD270470022F6E710B5134649
:100380000A4604461946FFF7F0FF204610BD421CFE
:1003900010F8011B0029FBD1801A70472DE9FE4F90
:1003A00081EA030404F0004421F0004100944FF07E
:1003B000000B23F0004350EA01045ED052EA03042C
:1003C0005BD0C3F30A54C1F30A552C44A4F2F334AE
:1003D0000194A0FB0254C1F3130141F48011C3F353
:1003E000130343F4801301FB024400FB034E840A11
:1003F000970A44EA815447EA8357A4FB07680295A9
:100400008D0A05FB07854FEA932C04FB0C54270546
:10041000029D4FEA065847EA1637B5EB08056EEB22
:10042000070C870E920E47EA811742EA8312A7FB58
:100430000201B6EB0B0164EB00042B0D43EA0C3315
:100440005E1844EB1C50DA465146E7FB0201C5F347
:1004500013044FEA0B3343EA14534FEA0432019C6E
:1004600043EA0603A4F10C040294009CCDE900B415
:1004700000F05DF803B0BDE8F08F00200146F9E719
:1004800000F0004230F000400AD0C10D01F560716B
:10049000C0F3160042EA0151C208400711437047F9
:1004A00000200146704730B50B460146002020224F
:1004B000012409E021FA02F59D4205D303FA02F571
:1004C000491B04FA02F52844151EA2F10102F1DCD1
:1004D00030BD202A04DB203A00FA02F100207047E8
:1004E0009140C2F1200320FA03F319439040704772
:1004F000202A04DB203A21FA02F00021704721FA79
:1005000002F3D040C2F120029140084319467047DF
:1005100010B5141E73F1000408DA401C41F100010B
:1005200092185B411A4301D120F0010010BD2DE962
:10053000F04D92469B4611B1B1FA81F202E0B0FA59
:1005400080F220329046FFF7C4FF04460F4640EA8F
:100550000A0041EA0B0153465A46084313D011469C
:1005600053EA010019D0C8F140025046FFF7C0FF1E
:1005700005460E46504659464246FFF7AAFF084335
:1005800005D0012004E020463946BDE8F08D00206A
:10059000054346EAE0762C4337430A986305E40AAC
:1005A000A0EB08000022FD0A44EA47540A3002D5B5
:1005B00000200146E9E7010510196941DDE9084518
:1005C00000196941BDE8F04DA2E72DE9FE4F8046D4
:1005D00081EA0300C00F0C46009021F0004123F097
:1005E0000045B8EB0200A94105D24046214690469D
:1005F0001C460B46024623F00040104347D0270D0F
:10060000C7F30A00C3F30A510290401A0190402830
:100610006BDAC3F3130040F4801B0098924620B1BC
:100620000023D2EB030A63EB0B0B01985946C0F190
:1006300040025046FFF74DFF06460D4650465946CC
:10064000019A00F01BF910EB08006141002487EAD1
:10065000115284EAE7731A4340D0009A62B3019AB8
:10066000012A4FEA075215DC001B61EB02014FF033
:10067000004202EA0752CDE90042001C41F5801118
:1006800032462B46FFF753FF03B0BDE8F08F4046DC
:100690002146F9E7001B61EB0201001C41F58013C4
:1006A00000185B412018A2F5001747EB030140EA50
:1006B000D570B6196D4111E06D084FEA360645EA6E
:1006C000C0754FEA0752001B61EB0201001C41F5A7
:1006D000801149084FEA30000019514132462B463B
:1006E00003B0BDE8F04FFFF713BF009801224000B0
:1006F0000023D0EB020263EBE073009821464FEA3F
:10070000E074B8EB000061EB0401E9E783F000431B
:100710005BE781F0004158E72DE9F04D81EA0304E1
:1007200004F0004B21F0004514464FF0000A23F07E
:10073000004150EA050220D054EA01021DD0C5F361
:100740000A570246C5F31303C1F31300C1F30A5657
:1007500040F4801543F48013A7EB0608101BD6461F
:1007600008F2FD3873EB050002D308F1010801E03F
:1007700092185B41B8F1000F03DA00200146BDE892
:10078000F08D00204FF48011064684460EE0171BC2
:1007900073EB050705D3121B63EB050306434CEA15
:1007A000010C49084FEA300092185B4150EA0107FA
:1007B000EDD152EA030012D082EA040083EA050177
:1007C000084305D0101BAB4106D20122002306E0EE
:1007D00000224FF0004302E06FF0010253101AEBC9
:1007E00006004CEB085110EB0A0041EB0B01BDE891
:1007F000F04DFFF78DBEC1F30A52C1F3130140F271
:10080000FF3341F480119A4202DA0020014670471A
:1008100040F233439A42A2F2334202DC5242FFF7E3
:1008200067BEFFF756BE000030B5041E71F100042C
:1008300004DB4FF00044404264EB0101141E73F1ED
:10084000000405DB1C464FF00043524263EB0403F7
:10085000994208BF904230BD064C074D06E0E06863
:1008600040F0010394E8070098471034AC42F6D3F7
:10087000FFF7AEFC1CA500083CA50008202A06DBFB
:10088000CB17203A41FA02F043EAE07306E041FA5E
:1008900002F3D040C2F1200291400843194670474C
:1008A00070B58D1810F8014B14F0030201D110F847
:1008B000012B231106D110F8013B03E010F8016B66
:1008C00001F8016B521EF9D1ABB110F8012B04F005
:1008D0000C048A1A0C2C03D0A2EB84129B1C08E097
:1008E00010F8014BA2EB0422F8E712F8014B01F8D3
:1008F000014B5B1EF9D5A942D4D3002070BD000086
:10090000F0B500242DED088B81B09FED8F8A8F49C3
:1009100001208F4F8DED008AF0EE488A0870386A0A
:10092000B0EE489A010501D5012008E0C10401D5C7
:10093000022004E0000301D5032000E0002006F0BF
:1009400071FCF0EE489A0220B0EE691AF3EE040A48
:10095000B3EE040A00F012FB00F06EFA7D4E7E4DFD
:10096000B7EE00BAF3EE04AAB1EE04AA052C7CD2CD
:10097000DFE804F0033F8094AD00022000F0B8FBF4
:10098000B3EE040A00F0C6FB00F0ECFAB0EEC00AC9
:1009900010EE100A714988422ADBB1EE040A03F016
:1009A000A7FF002824D0734810226DA14FF6FF73D3
:1009B00003F036F900F022FA4FF4487008F0B0FD69
:1009C000D7ED090A96ED000A07F0EAF897ED098AD3
:1009D00038EE0B0A05F0CAFCF0EE408A0420B0EEB7
:1009E000681AF3EE040AB3EE040A00F0C7FA012411
:1009F0009FE095ED000A0020F0EE693A30EE2A2AD9
:100A000030EE0A1AF2EE082AF3EE091A32EE2A3A0A
:100A1000F0EE680AB3EE090A03F092FD00F00CFA5A
:100A20000420B0EE681AF2EE080AB2EE0E0A00F0E8
:100A300023FA96ED020AF0EE680A9FED4F1A0020A5
:100A4000F0EE693A40EE410A95ED000AF2EE082A0E
:100A5000B0EE692A30EE0A3AF2EE081AB0EE691AE0
:100A6000B2EE080A03F06CFD00E061E000F0E4F98A
:100A700002245EE038EE0B0A05F078FC3F488DED6D
:100A8000000AB0EE409A80ED010A3D48B3EE090A33
:100A900080ED030A00F0D0F903244AE0B0EE490AE1
:100AA000684605F07DFC00F05DFAB0EEC00A10EE7D
:100AB000100A344988423CDB04209DED001AF2EE16
:100AC000080AB2EE080A00F059FA042431E095ED64
:100AD000000A0120F0EE693A30EE4A1A30EE6A2A36
:100AE000F3EE042AF2EE081AB0EE413ADDED000A08
:100AF000B2EE080A03F024FD00F080F94FF496707E
:100B000008F00EFD0220B0EE691AF3EE090AB3EE0A
:100B1000090A00F033FA06F009FE1B480021C0ED77
:100B2000049AC0ED039AC0ED059A084605F000FC52
:100B30000524052008F0F4FC052C7FF417AF01B064
:100B4000BDEC088BF0BD0000000000008C00002010
:100B500020E80020C0EA0020540D002000000C42D4
:100B600066696E6420706F2C20616374696F6E0D0E
:100B70000A000000B81200208FC2F53CE80D0020EA
:100B8000080E002000008242E8E9002030B59FED09
:100B90003F1A002402202DED028B81B0F2EE080AEC
:100BA0008DED001AB2EE080A00F0E8F90A2008F00C
:100BB000B7FC00F041F9364D9FED368A24B1012C87
:100BC00021D0022C51D139E03220694600F060FD7D
:100BD000B2EE0E0A03F08CFE78B39DED000AB5EE7E
:100BE000C00AF1EE10FA03D106F02EF98DED000ADD
:100BF000B0EE401A0420F2EE0E0AB2EE0E0A00F039
:100C0000BDF9012432E095ED000AF1EE040A00205E
:100C100030EE201AF2EE0E0AF0EE483A30EE202ABC
:100C2000B0EE413AF2EE082AF2EE081ADDED000AC3
:100C3000B2EE080A03F084FC022417E095ED001AD6
:100C4000B0EE080A012031EE403AB2EE000AF0EEB2
:100C5000483A31EE402AF2EE082AF2EE081ADDEDAB
:100C6000000AB2EE080A03F06BFC0324052008F02A
:100C700057FC032CA2D100F0C1F80021084605F072
:100C800057FB01B0BDEC028B30BD0000000000003E
:100C9000540D0020CDCC4C3D2DE9F04F49491C228C
:100CA0002DED028B8FB0B0EE408A6846FFF73DFB1A
:100CB00045491C2207A8FFF738FBDFF8108144469E
:100CC00098F90460DFF808914F4699F8005000F059
:100CD000C1F84FF0030A87F800A000272771DFED65
:100CE0003D8A0220F3EE040AB0EE681AB3EE040A5D
:100CF00000F044F900F0A0F8374CDFF8E0B01DE058
:100D000006F074F900F09CFABBF80000C0F3C110C3
:100D1000032807D13248D0ED090A324890ED000A85
:100D200006F03EFF00F01EF9B0EEC00A10EE100A09
:100D30002D49884208DA052008F0F2FB207A0428C1
:100D4000DED9607A0128DBD01E4844469FED270A91
:100D500080ED000AC0ED018AC0ED028A88F804A087
:100D600000F06AF80220B0EE681AF2EE080AB2EE5D
:100D7000080A00F003F902E0052008F0D1FB00F0BA
:100D8000F1F8B0EEC00AB4EEC80AF1EE10FAF3D3EF
:100D90001748077017480770267189F800501C2201
:100DA00008486946FFF7C1FA07481C2207A9FFF760
:100DB000BCFA0021084605F0BBFA0FB0BDEC028B6F
:100DC000BDE8F08F5CE90020B0E900206C0D002048
:100DD000640D00200000000014EB002020EB002038
:100DE00020E80020C0EA00200000204200000C4261
:100DF000B50D0020B60D0020FEE70000002010B564
:100E000000F076F904489FED030A80ED000A80EDBA
:100E1000010A10BD00000000080E0020B5EEC00A57
:100E2000F1EE10FA05D2B0EEC00ADFED020A30EEA4
:100E3000C00A70470000B44310B505F077FF0448BE
:100E40009FED020A80ED070A10BD000000000000BF
:100E5000080E002010B505F001FA024800210171CA
:100E6000C18010BDA8E70020024800210174418222
:100E700070470000A8E7002070B506462DED048BF2
:100E8000B0EE408AB0EE419AB5EEC08AF0EE608ACC
:100E9000F1EE10FA25D9FFF7CFFF304600F028F920
:100EA000114D95F8741000291BD1104C042E02D05E
:100EB000C4ED028A08E00E48C4ED038A80ED019A71
:100EC00002E0052008F02CFBD4ED070AF0EEE00A62
:100ED000F4EEC80AF1EE10FA03D295F87400002877
:100EE000EFD0BDEC048B70BDA8E70020080E0020F9
:100EF000E80D00200248012101710021C1807047E6
:100F0000A8E70020024801210174002141827047B6
:100F1000A8E70020024801210175002141757047B2
:100F2000A8E7002002490120887509F081B9000076
:100F3000A8E70020002810B510D0094991F87420C6
:100F40000AB981F87500012081F8740006F03EF9B5
:100F500009F06EF9BDE81040FFF750BF10BD00006A
:100F6000A8E70020014890ED070A7047080E00200E
:100F7000014890F874007047A8E7002010B50446B7
:100F80002DED048BF0EE418AB0EE609AB0EE408A0F
:100F900000F0AEF80C4890F8740000280DD10B4911
:100FA000022C81ED008A81ED019A09D0042C04D134
:100FB000074881ED038AC0ED018ABDEC048B10BDAA
:100FC00081ED028AF9E70000A8E70020080E002062
:100FD000E80D002070B53E4C94F8740018B1BDE8DF
:100FE0007040FFF70BBF09F03BF900286FD1207D5F
:100FF000002598B107F018FD10EE100A3549884217
:101000000BDB607D401CC0B26075032806D365759C
:101010000220BDE87040FFF78DBF65752E4800784F
:10102000022854D120792D4E50B32D4890ED010A5D
:10103000B0EEC00A10EE100AB0F1814F02DDE08878
:10104000401C06E0B4F90600002806DDC8280EDAC8
:101050000A38E08000B2002807DC94ED020AB5EE01
:10106000C00AF1EE10FA02DC2DE0C82808DB05F01A
:10107000F5F82571E58094ED000A86ED020A22E07C
:10108000B4F9060000281EDD1649012807D191EDAC
:10109000000A84ED020A91ED020A84ED030A94ED40
:1010A000000AF6EE000A20EE200A86ED020AB2EEF1
:1010B000080A81ED000A9FED0C0A81ED010A9FEDFF
:1010C0000B0A81ED020ABDE8704006F08BB870BDD6
:1010D000A8E7002000003442B00D0020080E0020D8
:1010E00014EB00205CE900200000000000004843F1
:1010F000074910B504460978022903D1022C01D012
:1011000006F064F82046BDE8104006F02DBF000050
:10111000B00D002010B50E482DED028BB0EE408AC8
:1011200090F8741000290CD180ED008AB0EE480AC6
:1011300006F088F8074801780748042904D080EDB4
:10114000028ABDEC028B10BD80ED038AF9E7000036
:10115000A8E70020B00D0020080E002010B51C49A3
:101160001C222DED028B88B06846FFF7DEF8194C83
:101170001748B2EE080A94ED048A84ED040AB7EE2B
:10118000080A80ED000A9FED140A80ED020A9FED27
:10119000130A80ED010A05F057FEDFED110A002069
:1011A00030EE200AF0EE000A05F08AF9FFF726FE7D
:1011B0004FF4967008F0B4F905481C2284ED048AB7
:1011C0006946FFF7B2F808B0BDEC028B10BD000015
:1011D00094E90020080E0020000096420000000064
:1011E000000034430020F0EE080A05F069B9000061
:1011F000114810B5407810B1012803D017E005F070
:10120000C7FA14E005F0B6FA0C4890F8300006F082
:101210001BF9012809D107F017FC30B107F01CFCBD
:1012200007F046FC05F0F0FA01E007F041FCBDE8EC
:10123000104005F0F5BB00009C00002020E80020D5
:101240002DE9F04100252C4607F07AFB0D4A10806D
:1012500000200123168803FA00F73E4209D01688C1
:10126000641CE4B2471C03FA07F10E4201D16D1C65
:10127000EDB2401CC0B21028ECD355721472BDE818
:10128000F081000020EB002010B507F011FCBDE854
:10129000104005F06FBA0000014800F079BA000074
:1012A00028140020014800F073BA0000C813002081
:1012B00001681823CAB2103AB2FBF3F2054B6FF380
:1012C0000901032A9B5CC36500D9091D8165084695
:1012D0007047000050A40008014610B500208B693B
:1012E0004FF0C0748A6A53B1B3F5005F15D072B184
:1012F000012A0CD0022A0AD0032A09D104E01AB12B
:10130000012A06D0022A03D1C96AC90100D50120E9
:1013100010BDC96AA142FAD010BD002AF7D0012A37
:10132000F2D0022AF3D0032AF3D010BD30B50468FE
:10133000256825F480252560046863608368402B58
:10134000036803D099600068C26030BD9A6000688D
:10135000C16030BD704700001848002110B501F091
:101360002DFE1648042101F029FE144801F03EFC30
:101370001348002101F022FE1148042101F01EFE55
:101380000F4801F033FC0F48002101F017FE0D4813
:10139000042101F013FE0B4801F028FC0A4800214B
:1013A00001F00CFE0848042101F008FE064801F097
:1013B0001DFCBDE81040054801F018BC380E0020A7
:1013C000840E0020D00E0020680F00204C1000205A
:1013D00072B6FEE72DE9F04700242DED028B90B0A8
:1013E0009FED6E8A14216846FEF7C6FF142105A8FA
:1013F000FEF7C2FF0020DFF8A8C105AF03460DF1DC
:1014000038090146EA460E900F9001EB41020CEBC1
:101410008202157A1DB1157A022D05D012E009F865
:101420000410641CE4B20DE0D2ED010A0AEB800561
:10143000C5ED000AD2ED000A07EB8002401CC2EDA8
:10144000000AC0B2491C0529DFDB032C04D2844208
:101450004FF07E5810D3ACB100204A4609E0115C31
:10146000401C01EB41010CEB810191ED010A30EED2
:10147000088AA042F3DB84E024B100220A930B9394
:101480000AAB5DE080B3012804D000220C930D93D9
:101490000CAB22E09DED000A10B0BDEC028BBDE864
:1014A000F087511C07EB820514E007EB8104D5EDB2
:1014B000000A94ED001A70EEC10AF0EEE00A10EE98
:1014C000904A444505DC9C5C641C9C545C5C641C38
:1014D0005C54491C8142E8DB521C8242E1DB00255E
:1014E0009DF83020294606E00BE05C5C944201D96F
:1014F0002246CDB2491C8142F7DB12B10AEB8500CE
:1015000048E0B0EE480AC7E7511C07EB820614E03A
:1015100007EB810596ED000AD5ED000A30EE600A72
:10152000B0EEC00A10EE105A454505DC9D5C6D1CFE
:101530009D545D5C6D1C5D54491C8142E8DB521C6E
:101540008242E1DB00269DF82820314605E05D5C03
:10155000954201D92A46CEB2491C8142F7DB521C82
:10156000944215D300204A4609E0115C401C01EB6F
:1015700041010CEB810191ED010A30EE088AA04295
:10158000F3DB00EE104AF8EE400A88EE200A83E70B
:101590000AEB860090ED000A7EE7000000000000E4
:1015A000740D002070B52DED028BB0EE408A05F071
:1015B0001DFD2D4C2D4D607810B1FFF70BFF02E0A3
:1015C0002B4890ED010A284885ED020A0830294988
:1015D00090ED000A254885ED060A06F0E5FC10EEC0
:1015E000100A254984ED010A884202DB9FED230A97
:1015F00006E010EE100A2249884203D39FED210A2B
:1016000084ED010A9FED201AB0EEC80AC0EE010A6F
:1016100094ED011A60EE810AC4ED010AB4EEE00A0D
:10162000F1EE10FA06D3B1EE400AB4EEE00AF1EEA4
:1016300010FA01DD84ED010AB5EEC08AF1EE10FA70
:1016400094ED010A03D2B1EE400A84ED010A0F487D
:1016500078EE400A38EE000AC0ED000A80ED010A7B
:10166000BDEC028B70BD0000640D0020E8E9002095
:1016700014EB00205CE900200000484300004843D0
:10168000000048C3000048C300002042080E0020AC
:1016900070B500240E4605462DED028B9FED0C8A99
:1016A00008E005F0D1FB052030EE088A07F038FF8E
:1016B000641CE4B2AC42F4D300EE105AB8EE400A17
:1016C000C8EE000AC6ED000ABDEC028B70BD00003A
:1016D000000000002DE9F041876D044600F0CCFACF
:1016E000054694F835000026022806D08020606563
:1016F000012084F83460BDE8F0812068016821F0A1
:10170000160101602068416921F080014161206C6F
:1017100008B9A06C20B12068016821F008010160BF
:101720002068016821F0010101600CE000F0A4FADA
:10173000401B052807D920206065032084F8350068
:1017400084F83460D7E720680068C007EED194F8C9
:101750005C103F208840B860012084F835000020EC
:1017600084F83460C7E790F83510022903D080214F
:10177000416501207047052180F835100068016837
:1017800021F00101016000207047406D70470000AA
:101790002DE9F843044665484FF00009CDF8009064
:1017A0004FF41651A56D0068B0FBF1F72E680821C3
:1017B00094F85C2001FA02F030420FD020680268F1
:1017C00052070BD5026822F00402026094F85C0014
:1017D0008140A960606D40F00100606594F85C1084
:1017E0004FF0010808FA01F0304208D02168496939
:1017F000090604D5A860606D40F00200606594F8A9
:101800005C1004208840304208D0216809688907AC
:1018100004D5A860606D40F00400606594F85C1029
:1018200010208840304218D021680968090714D573
:10183000A86020680168490304D50068000308D542
:10184000A16C07E00168C90503D4016821F0080113
:101850000160216C09B12046884794F85C10202073
:101860008840304231D021680968C9062DD5A8606A
:1018700094F8350005282068016806D0490347D54B
:10188000006800031DD4616C1CE021F016010160AA
:101890002068416921F080014161206C08B9A06C89
:1018A00020B12068016821F00801016094F85C1003
:1018B0003F208840A86084F8358084F83490216DFA
:1018C0001FE0E16B09B120468847606D00282BD0EE
:1018D000606DC00714D0052084F8350020680168C9
:1018E00021F0010101600098401C0090B84203D82B
:1018F00020680068C007F6D184F8358084F83490F9
:10190000E16C002910D001B02046BDE8F043084743
:101910000168C905D5D4016821F01001016084F87F
:10192000358084F83490CCE7BDE8F88310000020BF
:1019300070B5044600F0A0F905465CB1022084F8B9
:101940003500002684F834602068016821F0010128
:1019500001600CE0012070BD00F08EF9401B0528ED
:1019600005D920206065032084F8350070BD20680B
:101970000068C007F0D121680A6820480240D4E915
:1019800001031843D4E903352B4318436369184313
:10199000A3691843E3691843236A18431043626A32
:1019A000042A03D1D4E90B231A43104308602068AA
:1019B000406920F00701606A042840EA01050CD163
:1019C000A06A0543E06A40B12046FFF785FC20B1DC
:1019D0004020606584F83560BCE72068456120469A
:1019E000FFF766FC94F85C203F21914081606665BA
:1019F000012084F83500002070BD00003F8010F009
:101A00002DE9F041866D044690F834000025012848
:101A10000DD0012084F8340094F835700020012F97
:101A200007D0022584F834002846BDE8F081022062
:101A3000FBE7022784F8357060652046FFF776FCE7
:101A400094F85C103F208840B0602068016841F045
:101A5000160101602068416941F080014161206CFC
:101A600020B12068016841F0080101602068016828
:101A700041F001010160D7E72DE9F84FDFF8B0919F
:101A8000002203274FF00F0CA9F1040B09F1040AFF
:101A9000ABF1040E0B68012595402B40AB426ED193
:101AA0000C7904F00304012C01D0022C15D18668B6
:101AB000540007FA04F826EA0806D1F80C8008FA60
:101AC00004F848EA0608C0F808804468AC430D7979
:101AD000C5F300159540254345600C79E443A40700
:101AE00008D0C568540007FA04F6B5438E68A640CE
:101AF0002E43C6600C7904F00304022C11D1D408E3
:101B000000EB8406356A5407E40E0CFA04F825EA63
:101B10000805D1F8108008FA04F848EA0508C6F864
:101B200020800568540007FA04F6B5430E7906F0E4
:101B30000306A6402E4306604C6814F4403F70D064
:101B40003C4C256845F480452560246822F0030557
:101B500004F480440094384C05EB0408D8F8085885
:101B60009407260F0CFA06F4A543344CA04201D189
:101B700000242EE0324CA04202D1012429E050E0A2
:101B8000304CA04201D1022423E02F4CA04201D1CD
:101B900003241EE02D4CA04201D1042419E02C4C5A
:101BA000A04201D1052414E02A4CA04201D1062410
:101BB0000FE0294CA04201D107240AE0274CA042A3
:101BC00001D1082405E0264CA04201D1092400E0FF
:101BD0000A24B4402C43C8F80848D9F800404D46C0
:101BE0004E689C43F60200D51C432C60DAF8004096
:101BF00055464E689C43B60200D51C432C60DBF86A
:101C000000405D464E689C43B60300D51C432C60E3
:101C1000DEF8004075464E689C43F60300D51C4331
:101C20002C60521C102AFFF435AFBDE8F88F00007D
:101C3000083C0140443802400030014000000240AE
:101C40000004024000080240000C02400010024064
:101C50000014024000180240001C02400020024014
:101C6000002402400069084000D0012070470AB1FA
:101C7000816170470904FBE70148806870470000F4
:101C80000400002002488168027811448160704796
:101C900004000020032010B500F09EF80F2000F093
:101CA00005F800F04FF8002010BD000030B50546E3
:101CB0001F4887B0016841F480710160006806A97F
:101CC00000F480700590684600F0E8FB0398B0B11E
:101CD00000F004FC40001749174AB0FBF1F1174827
:101CE000026040F2E732491E41600021C0E9032151
:101CF0008160816100F094FE040003D015E000F0E3
:101D0000EDFBE8E70D4800F071FF04000DD12D2038
:101D100000F034F8102D07D2002229462D2000F0C3
:101D20003BF80748056000E0012407B0204630BDBD
:101D30004038024040420F0000200040881400203C
:101D4000080000200C4882B0016841F08051016019
:101D5000006800F0805000900748001D016841F4C1
:101D600080410160006800220F2100F48040009053
:101D7000901E02B000F010B840380240002809DB85
:101D8000012100F01F0291404009800000F1E02095
:101D9000C0F80011704700000E4BF0B41B68C3F38D
:101DA0000223C3F10704042C00D904241D1D072DB0
:101DB00001D2002300E0DB1E012606FA04F56D1EA9
:101DC0000D409D409E40761E164045EA0601F0BC3F
:101DD00003F0D4BD0CED00E0064A00F007011068E6
:101DE0004FF6FF03184040EA012003490843106002
:101DF000704700000CED00E00000FA051848F8B547
:101E0000016841F0805101600068164D00F080507B
:101E10000090286840F480302860FFF72DFF4FF4D1
:101E20007A76044604E0FFF727FF001BB0420FD884
:101E30006868C003F7D5286840F400302860FFF7D1
:101E40001BFF044606E0FFF717FF001BB04201D955
:101E50000320F8BD68688003F5D50020F8BD0000B8
:101E600040380240007000402DE9F84F04460078E9
:101E70000026DFF820943546C0070ED0D9F80010B0
:101E800021F40001C9F80010D9F80010626B114369
:101E9000C9F80010606B00B901262068FE4F0003EE
:101EA0000ED53868E16B20F4401008433860E06BD1
:101EB000B0F5801F01D010B102E0012600E001253D
:101EC0002068C0020ED53868216C20F44000084319
:101ED0003860206CB0F5800F01D010B102E001260F
:101EE00000E001252068C10100D50126800666D5E5
:101EF000E8483830016841F0805101600068DFF83F
:101F00009CA300F080500090DAF8001041F480713A
:101F1000CAF80010FFF7B0FE804605E0FFF7ACFE00
:101F2000A0EB080064287DD8DAF80000C005F5D5DC
:101F3000DFF864A3AAF11C0ADAF8000010F440707C
:101F40002AD0218E01F44071814225D0DAF80010A8
:101F5000DAF8002021F4407142F48032CAF80020FF
:101F6000DAF8002022F48032CAF80020CAF8001003
:101F7000DAF80000C0070FD0FFF77EFE804641F27E
:101F8000883B05E0FFF778FEA0EB08015945CAD869
:101F9000DAF800008007F5D5206BC0F30121032992
:101FA0007ED0D9F8001021F4F811C9F80010DAF841
:101FB0000010228EC2F30B021143CAF800102078E1
:101FC000C00607D5386820F0807038603868A16B8B
:101FD0000843386020884104B14805D50168626E25
:101FE00021F44031114301602188090405D50168BD
:101FF000A26E21F44021114301602168C90305D577
:102000000168E26E21F440111143016021688903E7
:1020100005D50168226F21F4400111430160217848
:10202000490600E002E105D50168626C21F0030178
:10203000114301602178090605D50168A26C21F0E1
:102040000C01114301602188C90505D50168E26CC6
:1020500021F03001114301602188890505D501680F
:10206000226D21F0C001114301602188490505D589
:102070000168626D21F440711143016021880905F6
:1020800005D50168A26D21F44061114301602188EA
:10209000C90407D50168E26D21F44051114300E005
:1020A0003DE001602188890405D50168226E21F494
:1020B0004041114301602168490205D50168A26FC2
:1020C00021F080611143016021684FF000698902AD
:1020D00009D50168E26F21F0006111430160E16FF1
:1020E000494500D1012521680A0700D5012549038A
:1020F00005D50168626F21F04071114301602168CC
:10210000090206D50168D4F8802021F080511143DE
:102110000160DFF88081A8F108086EB909E0D9F8FC
:102120000020604B22F4F81218400243C9F8002046
:102130003DE72068800178D5D8F8001021F0806153
:10214000C8F80010FFF798FD064604E0FFF794FD7D
:10215000801B64286AD8D8F800000001F6D42078E3
:102160005149C00711D0606B78B908680A68C0F39C
:1021700001406368C2F303629B0143EA004040EA06
:102180000260227A40EA027008602068020303D5E8
:10219000E26BB2F5801F05D0C0021AD5206CB0F5F5
:1021A000800F16D108680A68C0F301406368C2F363
:1021B00002729B0143EA0040237B40EA036040EA4D
:1021C000027008603868626A20F01F00521E1043D7
:1021D00038602068C0010FD508680A68C0F3036042
:1021E0006368268AC2F302729B0143EA064343EA0C
:1021F000006040EA02700860206880010BD56068CA
:10220000228A800140EA0240227B40EA0260227A70
:1022100040EA02700860D8F8001041F08061C8F808
:102220000010FFF729FD064606E009E082E0FFF70F
:1022300023FD801B64287DD8D8F800000001F6D566
:10224000B5B3D8F80000454620F08050C8F800002B
:10225000FFF712FD064604E0FFF70EFD801B642821
:1022600075D82868C0438000F6D520680F4902035E
:1022700001D5E26B1AB1C0022BD5206C48BB0868AF
:102280000A68C0F301406369C2F302729B0143EA2A
:1022900000400EE0083802408C38024000700040D8
:1022A00090380240FFFCFF0F84380240883802401B
:1022B00054E0237E40EA036040EA02700860386818
:1022C0006FF0FF03A26A20F4F85003EB02221043E0
:1022D00038602068800212D5E06F48450FD1086849
:1022E0000A68C0F303606369268CC2F302729B0123
:1022F00043EA064343EA006040EA0270086020783F
:10230000000715D508680A68C0F303606369C2F363
:1023100001429B0143EA024242EA0060227F40EA16
:10232000027008603868E16A20F440300843386081
:10233000286800E00BE040F080502860FFF79CFC2C
:10234000044607E0FFF798FC001B642802D903202D
:10235000BDE8F88F2868C0438000F3D40020F7E779
:102360002DE9F04704000D4669D0DFF81C81D8F84C
:10237000000000F00F00A8420CD2D8F8001021F0A5
:102380000F012943C8F80010D8F8000000F00F0032
:10239000A84254D120683D4E810712D5400703D58D
:1023A000306840F4E05030602078000703D5306892
:1023B00040F4604030603068A16820F0F0000843CD
:1023C00030602078C00729D030496068083901287A
:1023D00010D00968022810D0890700292FDA316847
:1023E00021F0030101433160FFF746FC074641F24B
:1023F00088390CE009688903EFE78901EDE7FFF709
:102400003BFCC11B494502D90320BDE8F087306879
:10241000616800F00C00B0EB810FF0D1D8F800102B
:10242000404601F00F01A9420BD9016821F00F01CC
:1024300029430160006800F00F00A84201D001208C
:10244000E3E72078400705D53068E16820F4E050E4
:10245000084330602078000706D53068216920F4F1
:10246000604040EAC100306000F058F83168084A26
:10247000C1F30311515CC840064908600648006872
:10248000FFF714FC0020C0E7003C0240083802407F
:1024900058A4000810000020080000200F2202604D
:1024A0000C4A136803F003034360136803F0F0035E
:1024B0008360136803F4E053C36012684FF4E05381
:1024C00003EAD20202610448006800F00F000860CD
:1024D0007047000008380240003C024004480549AB
:1024E00000680968044AC1F38221515CC840704702
:1024F000100000200838024068A40008044805497C
:1025000000680968044AC1F34231515CC840704711
:10251000100000200838024068A40008154810B5D3
:10252000006810F00C01144813D0431004290FD098
:1025300008290ED10F4C241F216801F03F022168A9
:10254000490207D52068C0F38810A0FB030106E00C
:10255000184610BD2168C1F38811A1FB00010023BA
:10256000FDF7B2FE2168C1F30141491C4900B0FBEF
:10257000F1F010BD083802400024F4002DE9F84FB6
:1025800004004FF0000877D02078DFF850B3ABF1AB
:102590000409C007A9F104054AD0DBF80010584629
:1025A000C1F38101012908D00068C0F3810002282D
:1025B0000AD1D9F80000400206D52868800337D533
:1025C00060680028DFD033E06068B0F5803F0BD052
:1025D00010B1B0F5A02F11D0286820F48030286009
:1025E000286820F4802002E0286840F480302860C9
:1025F000606888B1FFF740FB064609E0286840F4B0
:1026000080202860F0E7FFF737FB801B642873D831
:1026100028688003F7D50BE0FFF72EFB064604E0A1
:10262000FFF72AFB801B6428F1D828688003F7D4C1
:102630002078800740D5DBF80010584611F00C0FC9
:1026400008D00068C0F3810002280AD1D9F8000040
:10265000400206D42868800717D5E06801280BD10E
:1026600013E0E0680028286817D040F001002860D7
:10267000FFF702FB064605E02CE1FFF7FDFA801BA1
:102680000228C4D828688007F7D52868216920F077
:10269000F80040EAC10028600EE020F00100286048
:1026A000FFF7EAFA064604E0FFF7E6FA801B022885
:1026B00022D828688007F7D42078000725D5874FCF
:1026C00060696C37002838680FD040F0010038602E
:1026D000FFF7D2FA064604E0FFF7CEFA801B022885
:1026E0000AD838688007F7D50FE020F0010038607D
:1026F000FFF7C2FA064605E082E0FFF7BDFA801B4D
:1027000002287DD838688007F7D42078400769D53B
:10271000DFF8C8A10AF1380ADAF80000C0000CD4CA
:10272000DAF8001041F08051CAF80010DAF8000021
:102730004FF0010800F080500090694F3868C005E4
:102740000FD4386840F480703860FFF795FA064679
:1027500004E0FFF791FA801B642851D83868C0055F
:10276000F7D55E4FA068683701280AD008B1052860
:1027700011D0386820F001003860386820F004007B
:1027800002E0386840F001003860A06898B1FFF7B7
:1027900073FA06460BE0386840F004003860F0E752
:1027A000FFF76AFA811B41F28830814265D83868A8
:1027B0008007F5D50DE0FFF75FFA064606E0FFF764
:1027C0005BFA811B41F28830814256D83868800715
:1027D000F5D4B8F1000F05D0DAF8001021F08051DF
:1027E000CAF80010A169C9B3DBF80000C0F381008A
:1027F000022849D02868022920F08070286000E073
:102800003BE003D0FFF738FA044639E0FFF734FA2B
:10281000064604E0FFF730FA801B02282DD828680E
:102820008001F7D4D4E907012E4A0843A16A490878
:1028300002EB0141626A41EA8211084394F82C10CC
:1028400040EA016040F00051C9F80010286840F0EB
:1028500080702860FFF710FA044605E03CE0FFF7BF
:102860000BFA001B022808D828688001F7D533E04E
:10287000FFF702FA001B022802D90320BDE8F88FF7
:1028800028688001F4D427E0D9F80000012921D07C
:10289000E26900F4800191421CD1226A00F03F01FC
:1028A000914217D1626A47F6C0710140B1EB821FB5
:1028B00010D1A26A4FF0FF3300F4403103EB520213
:1028C000B1EB024F06D194F82C1000F07060B0EB21
:1028D000016F01D00120D1E70020CFE70838024086
:1028E000007000400000FFFF704770477047000015
:1028F00030B590F83C20012A3AD0012280F83C20E3
:10290000CA6800248B6822F440721A4D1A434B683F
:1029100022F480621A430B6822F400621A430B69A6
:1029200022F480521A434B6922F400521A438B6AF4
:1029300022F480421A430B8B22F4702242EA0342B3
:102940000368AB4202D00C4DAB420CD18D8C22F40B
:10295000700242EA0552CD6922F08072096A2A4368
:1029600022F000720A435A6480F83C40002030BDD7
:10297000022030BD0000014000040140F0B590F895
:102980003C20012A3CD0012580F83C50022280F8EE
:102990003D2003685A689C681A4E1B4FB34201D011
:1029A000BB4204D122F4700C4A6842EA0C0222F0C5
:1029B000700C0A6842EA0C025A600268B24213D0F4
:1029C000B2F1804F10D0114B9A420DD0104B9A4269
:1029D0000AD0104B9A4207D0BA4205D00E4B9A4209
:1029E00002D00E4B9A4204D1896824F08003194327
:1029F000916080F83D50002180F83C100846F0BD01
:102A00000220F0BD0000014000040140000400402D
:102A100000080040000C0040004001400018004049
:102A200010B5040003D094F83D0010B107E0012078
:102A300010BD002084F83C00204600F023F802205E
:102A400084F83D002068211D02F07AF9012084F805
:102A5000480084F83E0084F83F0084F8400084F881
:102A6000410084F8420084F8430084F8440084F86C
:102A7000450084F8460084F8470084F83D000020B3
:102A800010BD000008B50068334988420FD13348B3
:102A9000016841F00401016000680022052100F096
:102AA000040000901E20FFF777F91E204EE02B490E
:102AB0002B4A091D904226D1086840F002000860A8
:102AC00008680022052100F0020000902B20FFF78B
:102AD00063F92B20FFF752F9002205212C20FFF784
:102AE0005BF92C20FFF74AF900220F212D20FFF778
:102AF00053F92D20FFF742F9002205212E20FFF780
:102B00004BF92E2022E0174A90420ED1086840F47B
:102B10008030086008680022052100F480300090B1
:102B20001820FFF739F9182010E00F4A904211D110
:102B3000086840F48020086008680022052100F43D
:102B4000802000901A20FFF727F91A20BDE80840DE
:102B5000FFF714B908BD00000008004040380240EB
:102B600000040140004001400048014090F83D1041
:102B7000012901D001207047022180F83D10006832
:102B80001249884214D0B0F1804F11D010498842C8
:102B90000ED0104988420BD00F49884208D00F4907
:102BA000884205D00E49884202D00E49884207D19A
:102BB00081680D4A1140062906D0B1F5803F03D047
:102BC000016841F0010101600020704700000140F0
:102BD0000004004000080040000C004000040140D8
:102BE00000400140001800400700010090F83D102F
:102BF000012901D001207047022180F83D100168B1
:102C0000CA6842F00102CA6000681349884214D0C1
:102C1000B0F1804F11D0114988420ED0104988423E
:102C20000BD01049884208D00F49884205D00F497F
:102C3000884202D00E49884207D181680D4A11406E
:102C4000062906D0B1F5803F03D0016841F00101AB
:102C500001600020704700000000014000040040B7
:102C600000080040000C004000040140004001400A
:102C7000001800400700010070B5044690F83C00C1
:102C80000025012817D0012684F83C60022084F832
:102C90003D00206882682F4B1A4022F47F428260F8
:102CA0000868502838D00DDC20284FD005DC90B3C0
:102CB000102811D14AE0022070BD302846D04028AB
:102CC0000AD13BE060282FD070280DD0B0F5805F8E
:102CD00003D0B0F5005F12D0012584F83D600020DC
:102CE00084F83C00284670BD4A682068D1E9021388
:102CF00002F09BF82068816841F0770109E04A689A
:102D00002068D1E9021302F090F82068816841F44C
:102D100080418160E1E719E0CA684968206802F0F3
:102D2000BBF92068502106E0CA684968206802F0B3
:102D3000C4F92068602102F082F8CEE7CA684968C9
:102D4000206802F0A9F920684021F4E722680146D2
:102D50001046F0E788FFFEFF2DE9F04104000D4624
:102D600003D094F83D0018B108E00120BDE8F081DF
:102D7000002084F83C00204600F046F8022084F849
:102D80003D00206881681F4A114081602068211D34
:102D900001F0D6FF206881688269066A2B68AF69F6
:102DA00026F0AA060B4340F203318A43A96842EA9F
:102DB0000722EF6911434FF6FC429143EA6841EA6A
:102DC00007212F6A0A432969090141EA07311143A2
:102DD0006A686D69836046EA05152A432068816147
:102DE00020680262012084F8480084F83E0084F8DC
:102DF0003F0084F8440084F8450084F83D0000203A
:102E0000B4E70000F8BFFEFF70B586B00446142199
:102E10006846FDF7B1FA6248022521680024614A3C
:102E2000012681423BD15F481430016841F0010125
:102E30000160006800F001000590106840F010008B
:102E400010601068694600F0100005904FF4206093
:102E50000090CDE901545448CDE90346FEF70CFE3D
:102E6000002205211820FEF797FF1820FEF786FFA5
:102E7000002205211920FEF78FFF1920FEF77EFFA3
:102E8000002205211A20FEF787FF1A20FEF776FFA1
:102E9000002205211B20FEF77FFF1B2059E0414B3C
:102EA00042481033B1F1804F22D0414EB14254D14B
:102EB000196841F002011960196801F002010591D9
:102EC000116841F001011160116801F001010591E3
:102ED000C0210091CDE90154CDE903456946FEF7D3
:102EE000CBFD002205211D20FEF756FF1D2030E0FE
:102EF000196841F001011960196801F0010105919B
:102F0000116841F001011160116801F001010591A2
:102F1000116841F002011160116801F00201059190
:102F200020210091CDE90154CDE903466946FEF721
:102F3000A3FD08200090CDE901541E486946CDE963
:102F40000346FEF799FD002205211C20FEF724FF11
:102F50001C20FEF713FF06B070BD174EB142FAD128
:102F6000196841F008011960196801F0080105911C
:102F7000116841F001011160116801F00101059132
:102F800003210091CDE90154CDE903456946FEF7DF
:102F900073FD002205213220FEF7FEFE3220D8E725
:102FA00000000140303802400010024000000240A2
:102FB0000004004000040240000C004070B590F88E
:102FC0003E50044690F83F3090F8442090F8450079
:102FD000022621B104290BD0012D16D10FE0012DBD
:102FE00013D1012A11D184F83E6084F8446016E0C0
:102FF000012B0AD1012808D184F83F600DE0012B94
:1030000003D1012A01D1012801D0012070BD84F82B
:103010003E6084F83F6084F8446084F8456091B174
:10302000042904D020680122002101F0F1FE20686B
:103030000122042101F0ECFE2068016841F0010149
:103040000160002070BD012220680021F2E7704776
:103050002DE9F04104460068C66805694FF0000795
:10306000A90713D5B10711D5F91E016101202077F9
:10307000206880698007204602D0FFF7E8FF04E05F
:1030800000F0E6F8204600F0A8F92777680716D583
:10309000700714D521686FF00400086102202077C2
:1030A0002068806910F4407F204602D0FFF7CFFFF0
:1030B00004E000F0CDF8204600F08FF927772807CC
:1030C00015D5300713D521686FF00800086104207A
:1030D00020772068C0698007204602D0FFF7B7FF3D
:1030E00004E000F0B5F8204600F077F92777E8060D
:1030F00016D5F00614D521686FF01000086108207D
:1031000020772068C06910F4407F204602D0FFF786
:103110009EFF04E000F09CF8204600F05EF927775F
:10312000E80708D0F00706D021686FF001000861B9
:10313000204600F0D3F9280601D4A80408D53006AB
:1031400006D521686FF4025008612046FFF7CDFBD9
:10315000E80508D5300606D521686FF4807008614F
:103160002046FFF7C1FB680608D5700606D5216822
:103170006FF040000861204600F0BAF9A8060AD5B1
:10318000B00608D521686FF0200008612046BDE830
:10319000F041FFF7ABBBBDE8F081000030B587B070
:1031A000044614216846FDF7E7F820680021214C09
:1031B0000223214AA04211D1106840F0080010609B
:1031C000106800F0080005904FF470400090CDE9C1
:1031D0000131CDE903131948694613E0184D032462
:1031E000A84213D1106840F004001060106800F08D
:1031F0000400059020020090CDE90131CDE90314CF
:1032000010486946FEF738FC07B030BD0E4DA842A5
:10321000FAD1106840F010001060106800F0100043
:10322000059060200090CDE90131CDE903140748F5
:103230006946E7E70008004030380240000C0240D1
:10324000000401400008024000400140001002401C
:10325000704770B5044690F83C0000260D460128E2
:103260000BD0012084F83C000C2A4AD007DC82B144
:10327000042A20D0082A06D131E0022070BD102A8D
:1032800053D0142A63D00126002084F83C00304635
:1032900070BD206801F0DCFD2068816941F0080103
:1032A00081612068816921F0040181612068816960
:1032B0002A69114311E0206801F0FEFD2068816950
:1032C00041F4006181612068816921F4806181613C
:1032D000206881692A6941EA02218161D4E7206876
:1032E00001F024FE2068C16941F00801C161206835
:1032F000C16921F00401C1612068C1692A691143D3
:1033000011E0206801F04AFE2068C16941F40061C3
:10331000C1612068C16921F48061C1612068C1690F
:103320002A6941EA0221C161AEE7206801F062FE2C
:103330002068416D41F0080141652068416D21F030
:10334000040141652068416D2A69114311E020683C
:1033500001F078FE2068416D41F40061416520680C
:10336000416D21F4806141652068416D2A6941EA1F
:103370000221416588E710B5040003D094F83D00B0
:1033800010B107E0012010BD002084F83C00204669
:1033900000F022F8022084F83D002068211D01F091
:1033A000CFFC012084F8480084F83E0084F83F00F8
:1033B00084F8400084F8410084F8420084F8430017
:1033C00084F8440084F8450084F8460084F84700F7
:1033D00084F83D00002010BD7047704710B50446CA
:1033E00069B104290ED008290FD00C2910D010295A
:1033F00011D094F84300012810D0012010BD94F89A
:103400003E00F8E794F83F00F5E794F84000F2E753
:1034100094F84100EFE794F84200ECE70220E9B3AA
:1034200004293FD0082940D00C2941D0102942D08E
:1034300084F843000122206801F0EAFC1F4920685B
:103440001F4A884201D0904203D1436C43F40043A9
:1034500043642068884213D0B0F1804F10D01949DE
:1034600088420DD0184988420AD01849884207D0AE
:10347000904205D01649884202D01649884207D1A9
:103480008168154A1140062906D0B1F5803F03D066
:10349000016841F001010160002010BDFFE784F8E0
:1034A0003E00C7E784F83F00C4E784F84000C1E766
:1034B00084F84100BEE784F84200BBE70000014009
:1034C000000401400004004000080040000C0040DF
:1034D0000040014000180040070001000068034957
:1034E000884201D1FEF7CEBB7047000000200040AB
:1034F0007047704770B50446C06FD4F8806021688B
:1035000089684FF01005090618D5212816D12068C2
:10351000083050E8001F21F0800140E80012002A26
:10352000F5D1206F38B1FEF7D5F820B1206FFEF746
:103530002CF9202821D0204601F0ACFF20688068BB
:10354000400618D5222E16D12068083050E8001FFA
:1035500021F0400140E80012002AF5D1606F38B137
:10356000FEF7B8F820B1606FFEF70FF9202804D0FD
:10357000204601F069FF002070BDC4F8845003208C
:1035800070BD70472DE9F04103680446D869196899
:103590009A6840F60F0528424FF000054FF00206EA
:1035A00005D182067ED58A067CD5A16E24E1DFF89E
:1035B00078C202F0010701EA0C0C57EA0C0C71D03A
:1035C0005FEAC07C0CD05FEAC15C09D54FF0010C0A
:1035D000C3F820C0D4F8843043F00103C4F8843029
:1035E000830709D5D30707D023681E62D4F8843037
:1035F00043F00403C4F8843043070AD5D20708D047
:10360000236804221A62D4F8842042F00202C4F82B
:10361000842002070CD501F020023A4308D0236829
:1036200008221A62D4F8842042F00802C4F88420E8
:1036300002050BD54A0109D523684FF400621A62CE
:10364000D4F8842042F02002C4F88420D4F88420E6
:10365000002A36D0800605D5880603D5A16E09B1AB
:1036600020468847D4F8840021688968490602D436
:1036700010F0280F27D0204601F0E6FE2068806871
:1036800040061BD52068083050E8001F21F040019B
:1036900040E80012002AF5D1606F78B163490165F6
:1036A000606F00E015E0FEF75EF8002809D0606F5B
:1036B000016D00E02046BDE8F04108472046FFF7D5
:1036C00060FFBDE8F0812046FFF75BFFC4F884503F
:1036D000F7E7276E2022012F7ED1C7067CD5CF06C3
:1036E0007AD51020186220688068400650D5636F34
:1036F000186840684FF480770004000C3CD0B4F8A0
:103700005810814238D9A4F85A00D869B8422BD051
:10371000206850E8001F21F4807140E80013002B5E
:10372000F6D12068083050E8001F21F0010140E880
:103730000013002BF5D12068083050E8001F21F05D
:10374000400140E80013002BF5D1C4F88020256625
:10375000206850E8001F21F0100140E80012002A04
:10376000F6D1606FFDF7B6FF6666B4F85800B4F89E
:103770005A10401A81B207E0B4F858108142A0D123
:10378000D869B8429DD166662046FFF7B2FE98E739
:10379000B4F85800B4F85A10401A81B2B4F85A007C
:1037A00000288ED000298CD0206850E8003F23F4F8
:1037B000907340E80037002FF6D12068083050E8B9
:1037C000003F23F0010340E80037002FF5D1C4F893
:1037D00080202566A56600E009E0206850E8002FFB
:1037E00022F0100240E80023002BF4D1CBE70306BF
:1037F00006D50B0604D5E16E00297FF45BAF60E7C8
:103800004006C4D54806C2D52046016851E8003FAD
:1038100023F0400341E80034002CF6D1C267C566AE
:1038200000F052FA4DE70000200100041153000897
:1038300010B5040002D0E06F10B107E0012010BD08
:10384000002084F87800204600F026F82420E06765
:103850002068016821F001010160606A10B1204612
:1038600001F0C4FC204601F021FE0128E7D02068C9
:10387000416821F4904141602068816821F02A016B
:1038800081602068016841F0010101602046BDE8C7
:10389000104001F00FBD00002DE9F04FA7B0044625
:1038A000142121A8FCF768FD84216846FCF764FD1B
:1038B000BE4D0227BC4903262068103DDFF8EC927C
:1038C0004FF4806B88424FF0080A4FF000083FD158
:1038D0006846CDF800B0CDF85480FEF7C5FA08B1BF
:1038E000FDF776FDD9F8001041F48011C9F80010F9
:1038F000D9F8000000F480102690286840F00400F9
:103900002860286800F004002690286840F008002D
:103910002860286821A9544600F0080026904FF43A
:10392000805081E88101A248CDE9246AFEF7A4F81D
:1039300021A9042081E881019E48CDE92464FEF795
:103940009BF8002205213520FEF726FA352048E0B5
:10395000994988424AD18014CDF85C80009068462D
:10396000FEF782FA08B1FDF733FDD9F8001041F0F7
:103970008041C9F80010D9F8000000F0804026907E
:10398000286840F010002860286821A900F0100085
:1039900026904FF4C070CDE92107CDF894A047469A
:1039A0008648CDE92386FEF767F8864D844828606F
:1039B0004FF02060C5E90107C5E9037B6F61284628
:1039C000AF61EF612F626F62FDF7B2FF08B1FDF7E3
:1039D000FFFC656700220521AC635220FEF7DCF98D
:1039E0005220FEF7CBF927B0BDE8F08F7649884228
:1039F0002BD14014CDF8608000906846FEF734FA71
:103A000008B1FDF7E5FCD9F8001041F00041C9F814
:103A10000010D9F8000000F000402690286840F01F
:103A200010002860286821A900F0100081E8C0017A
:103A30002496CDE925A06148FEF71EF80022052155
:103A40005320FEF7A9F95320CBE760494FF0070A4E
:103A500088422CD14020CDF8448000906846FEF783
:103A600003FA08B1FDF7B4FC5048001D016841F0AD
:103A700010010160006800F010002690286840F0F6
:103A800001002860286821A900F0010026904FF469
:103A9000C06081E881014E48CDE9246AFDF7ECFF62
:103AA000002205212520FEF777F9252099E74949CD
:103AB00088422CD18020CDF8488000906846FEF7DF
:103AC000D3F908B1FDF784FCD9F8001041F40031B6
:103AD000C9F80010D9F8000000F4003026902868DA
:103AE00040F001002860286821A900F0010026901C
:103AF0000C2081E881013648CDE9246AFDF7BCFF3E
:103B0000002205212620FEF747F9262069E73249E1
:103B100088427FF468AF8015CDF84C8000906846ED
:103B2000FEF7A2F908B1FDF753FCD9F8001041F4F3
:103B30008021C9F80010D9F8000000F480202690F8
:103B4000286840F002002860286821A900F00200DF
:103B500026904FF44060CDE92107CDF894A0474668
:103B60001E48CDE92386FDF787FF164D14486035C2
:103B7000303828604FF00060C5E90107C5E9037BD4
:103B80006F612846AF61EF612F626F62FDF7D0FE73
:103B900008B1FDF71DFC656700220521AC632720F5
:103BA000FEF7FAF827201CE700500040403802409A
:103BB00000080240000C0240007800400010024063
:103BC00058600240C8130020007C004000100140F3
:103BD0000000024000440040004800400004024051
:103BE00030B4D0F88030202B02D0022030BC704797
:103BF00091B18AB10023036603685B681B0208D594
:103C0000036853E8004F44F0806443E80045002D0A
:103C1000F6D130BC01F064BD0120E7E77047704782
:103C20002DE9F8430446C06F1F4615460E4620286E
:103C300002D00220BDE8F8839EB195B10020C4F8FF
:103C400084002120E067FEF717F8A4F85050814661
:103C5000A4F852504FF02008A068B0F5805F02D061
:103C600003E00120E6E7206910B13546002610E0A8
:103C700000250EE08021204601F082FDB8B9D5B1C3
:103C800015F8010B21688862B4F85200401EA4F8B0
:103C90005200B4F852004B464FF000020097002843
:103CA000E8D14FF04001204601F06AFD40B1C4F870
:103CB0007C800320BEE736F8020BC0F30800E1E782
:103CC000C4F87C800020B5E77047FEE7F0B52DED25
:103CD000028B83B09FED538A00254FF0010C8DEDD0
:103CE000018A2C462B468DF8085012E007880CFA02
:103CF00003FE17EA0E0F0AD00788641CE4B203F132
:103D0000010E0CFA0EF6374201D16D1CEDB25B1CB0
:103D1000DBB28B42EAD345720472434B1E78434DAB
:103D2000E6B11B78012B04D0022B08D0032B1FD146
:103D30000BE002AB009301AB04F08CFF18E002AB88
:103D4000009301AB05F03CF812E002AB009301AB2D
:103D500004F002FF0CE085ED018A1FE0344B1B6A82
:103D60001E05E6D4DE04EAD4DE011CD58DED018A01
:103D70009DF908000528EEDCECB39DF90800D0B3EE
:103D800000EE100ADDED010AB8EEC00A80EE801ADE
:103D90008DED011A9DED010A85ED010A03B00020A9
:103DA000BDEC028BF0BD1B0302D504F089FFF3E7E5
:103DB0001E4ED3B2403E8F1A24E0B0F800C0CA1A9B
:103DC000521E9DF808E02CFA02FC0CF0010CF444A1
:103DD0008DF808C0B0F800C02CFA02FC0CF001020B
:103DE00000EE102A06EB8302F8EE400A92ED001A6C
:103DF0009DED010A00E012E000EE810A5B1CDBB2DF
:103E00008DED010A9F42D8DC017A0429A3D29DF9E5
:103E1000081004299FDA407A01289CD8ACE78DED80
:103E2000018AB7E700000000640D002014EB0020B9
:103E300020E800200D4808B5016841F40011016038
:103E400000680022052100F4001000900C20FDF70E
:103E5000A3FF0C20FDF792FF002205210E20FDF7A5
:103E60009BFFBDE808400E20FDF788BF30380240B8
:103E7000044A0021044810B503F056FF03490860C6
:103E800010BD00002CA400083D4B000800000020DD
:103E90002DE9F04186B014216846FCF76DFA3848E8
:103EA000016841F010010160016801F01001059105
:103EB000016841F080010160016801F08001059115
:103EC000016841F001010160016801F00101059103
:103ED000016841F004010160016801F004010591ED
:103EE000016841F002010160016801F002010591E1
:103EF000016841F00801016000680022214F102193
:103F000000F0080005903846FDF7B1FEDFF8788034
:103F10004FF4C056002231464046FDF7A8FE00246B
:103F200069461020009001253846CDE901540394DC
:103F3000FDF7A2FD43F2F6106946CDE900041348EF
:103F40000294FDF799FD40F6FB706946CDE9000447
:103F50000F480294FDF790FD28026946CDE9000460
:103F600040460294FDF788FD00966946CDE901546C
:103F700040460394FDF780FD06B0BDE8F0810000E7
:103F800030380240000802400000024000040240B5
:103F9000000C02400C4845F25F420A4910B501602E
:103FA00042F20F7141600021C0E9021201618021DB
:103FB0008161FEF735FD002803D0BDE81040FDF714
:103FC00007BA10BD004801404C10002010B58CB05D
:103FD00024216846FCF7D0F91848002416490994B2
:103FE0000A940B94C0E900144FF6FF71C0E9024136
:103FF00080210461C0E9054103200494CDE9000457
:1040000001206946CDE90204CDE905400B4807943B
:104010000894FEF7A1FE08B1FDF7DAF9074809A9EF
:1040200009940A940B94FEF7A9FC002801D0FDF72F
:10403000CFF90CB010BD000000000140380E002088
:1040400010B58CB024216846FCF796F91648002478
:104050004FF0804109940A940B94C0E900144FF684
:10406000FF71C0E902418021046181610320CDE933
:10407000000401200494CDE902046946CDE905401D
:10408000094807940894FEF767FE08B1FDF7A0F908
:10409000054809A909940B94FEF770FC002801D08B
:1040A000FDF796F90CB010BD840E002010B58CB051
:1040B00024216846FCF760F9174800241549099443
:1040C0000A940B94C0E900144FF6FF71C0E9024155
:1040D0008021046181610320CDE900040120049462
:1040E000CDE902046946CDE905400B4807940894E0
:1040F000FEF732FE08B1FDF76BF9074809A90994EC
:104100000B94FEF73BFC002801D0FDF761F90CB0E1
:1041100010BD000000040040D00E002010B58EB08D
:10412000002468461C210794089409940A940B946F
:104130000C940D94FCF720F92A482949C0E9001491
:1041400042F62F21C0E90241046180218161FEF71E
:1041500067FC08B1FDF73CF94FF480500790214807
:1041600007A9FEF789FD08B1FDF732F91D48FFF7F1
:1041700002F908B1FDF72CF91A480BA90B940D941C
:10418000FEF7FCFB08B1FDF723F960206946CDE995
:1041900000041448002202940494FFF75AF808B16E
:1041A000FDF716F90F4804226946FFF752F808B1E7
:1041B000FDF70EF90B4808226946FFF74AF808B1E7
:1041C000FDF706F907480C226946FFF742F808B1E7
:1041D000FDF7FEF80348FEF7E1FF0EB010BD00004A
:1041E000000800401C0F002010B58CB02421684648
:1041F000FCF7C2F817480024154909940A940B9457
:10420000C0E900144FF6FF71C0E90241802104614A
:1042100081610320CDE9000401200494CDE902046A
:104220006946CDE905400B4807940894FEF794FDD4
:1042300008B1FDF7CDF8074809A909940B94FEF7DA
:104240009DFB002801D0FDF7C3F80CB010BD0000A5
:10425000000C0040680F002010B59AB000241C210B
:1042600017940BA8189415941694129413941494FC
:10427000FCF782F82C216846FCF77EF82F482E497F
:10428000C0E9001442F62F21C0E9024180210461F7
:10429000C0E90541FEF7C4FB08B1FDF799F84FF4FA
:1042A00080501590254815A9FEF7E6FC08B1FDF7EA
:1042B0008FF82248FFF75FF808B1FDF789F81F482B
:1042C00012A9129413941494FEF758FB08B1FDF749
:1042D0007FF86020CDE90B04184808220BA90D9443
:1042E0000E940F9410941194FEF7B3FF08B1FDF7EC
:1042F0006FF812480C220BA9FEF7ABFF08B1FDF7CF
:1043000067F84FF400500094019469460294CDE997
:104310000440000303940694CDE90740074809943C
:104320000A94FEF7E5FA08B1FDF752F80348FEF7E4
:1043300035FF1AB010BD000000040140B40F00208A
:1043400010B58CB0002468461C2107940894099489
:104350000A94FCF711F81E481C49C0E9001442F603
:104360002F21C0E90241046180218161FEF758FBE1
:1043700008B1FDF72DF84FF480500790144807A9B5
:10438000FEF77AFC08B1FDF723F81148FEF7F3FFBA
:1043900008B1FDF71DF860206946CDE900040C481E
:1043A000002202940494FEF754FF08B1FDF710F8C0
:1043B000074804226946FEF74CFF08B1FDF708F8EC
:1043C0000348FEF7EBFE0CB010BD000000400140BA
:1043D000001000200D480C220B4910B501604FF46D
:1043E000E131416000218160C160C0E90412816156
:1043F000C16101624162FFF71BFA002803D0BDE8EA
:104400001040FCF7E5BF10BD0050004098100020A0
:104410000D480C220B4910B501604FF4E1314160A9
:1044200000218160C160C0E904128161C161016243
:104430004162FFF7FDF9002803D0BDE81040FCF70A
:10444000C7BF10BD00780040201100200D480C228D
:104450000B4910B501604FF4E131416000218160EA
:10446000C160C0E904128161C16101624162FFF76C
:10447000DFF9002803D0BDE81040FCF7A9BF10BD4C
:10448000007C0040A81100200D480C220B4910B5FB
:1044900001604FF4E131416000218160C160C0E9F9
:1044A00004128161C16101624162FFF7C1F9002814
:1044B00003D0BDE81040FCF78BBF10BD00100140D9
:1044C000301200200D480C220B4910B501604FF44A
:1044D000E131416000218160C160C0E90412816165
:1044E000C16101624162FFF7A3F9002803D0BDE872
:1044F0001040FCF76DBF10BD00440040B812002012
:104500000D480C220B4910B501604FF41651416063
:1045100000218160C160C0E904128161C161016252
:104520004162FFF785F9002803D0BDE81040FCF791
:104530004FBF10BD0048004040130020FEE7FEE7DB
:104540002DE9F0470024804604202DED088BF0EE85
:1045500063BAF0EE438AB0EE629AF0EE429AB0EEA1
:1045600061AAF0EE41AAB0EE60BAB0EE408AFCF764
:10457000BFFD314F97F87400002859D12F4D304EB0
:10458000DFF8C09085ED038A86ED01BA99ED028AC5
:10459000F5EEC0BAF1EE10FA08DDF0EE6B0AB0EEFF
:1045A0004B0A02F0E3FD86ED010A01E086ED01BA57
:1045B000B8F1000F05D0E4B1012C23D0022C2FD18B
:1045C00029E024B1012C08D0022C29D10BE0B4EE53
:1045D000EA8AF1EE10FA11DA22E0B4EEE98AF1EE9D
:1045E00010FA14DA1CE0B4EEE88AF1EE10FA1FD9E2
:1045F00016E0B4EEEA8AF1EE10FA11D8012485ED46
:1046000003AA0DE0B4EEE98AF1EE10FA08D802240C
:1046100085ED039A04E0B4EEE88AF1EE10FA07DAC9
:1046200097F87400002803D1052004F079FFADE766
:10463000BDEC088BBDE8F087A8E70020080E00203D
:10464000E80D0020C0EA00202DE9F04700242DED00
:10465000048B82B0DFED9F9A9F4FCDED009AF3EE71
:10466000048AB3EE098A387FB0EE689A012806D131
:104670000320B0EE688AB2EE049A02F0D3FD022065
:10468000B0EE691AF0EE480AB0EE480AFCF776FC84
:10469000FCF7D2FBDFF844A24FF48078904D914EA6
:1046A000DFF84492B1EE048A34B1012C47D0022CD9
:1046B0007ED0032C7DD19CE032206946FCF7E8FFD8
:1046C000B0EE490A00F014F9002823D09DED000A4D
:1046D000B5EEC00AF1EE10FA03D102F0B5FB8DED94
:1046E000000A387F95ED000A012814D030EE081A30
:1046F00030EE282A0020F0EE693AB0EE413AF2EEB0
:10470000082AF2EE081ADDED000AB3EE090AFFF7F7
:1047100017FF0124CFE070EE080A70EE281A00207F
:10472000B2EE082AF0EE602AB2EE081AB3EE090AD9
:1047300004F060FC02F088FB8DED000AE9E704203C
:104740009DED001AF2EE080AB2EE080AFCF716FC1C
:10475000544602E0052004F0E3FE41462046FDF702
:1047600081FA0028F6D002E0052004F0D9FE414687
:104770002046FDF777FA0028F6D1FCF73FFB6420CE
:1047800004F0CEFED7ED090A96ED000A03F008FA10
:1047900002F05AFB8DED000AB0EE401A0420F2EE52
:1047A000080AB2EE040AFCF767FBFCF727FB01E0FE
:1047B00013E07FE0642004F0B3FE04209DED001AB6
:1047C000FAEE080AB1EE080AFCF756FBFCF716FBF6
:1047D000C82004F0A5FE02246DE0FCF70FFB642066
:1047E00004F09EFEFCF7BAFC642004F099FE03245A
:1047F00061E0387F01280BD002F026FBB0EE401AB2
:104800000420F2EE080AB2EE0E0AFCF735FB1EE0B9
:104810000420FCF76DFCB2EE080A89ED030A02F0F1
:1048200013FB324880ED010A02E0052004F078FE17
:10483000D5ED000A96ED020A70EEC80AB4EEE00A61
:10484000F1EE10FAF1DC0DE0052004F069FED5ED83
:10485000000A96ED020A70EEC80AB4EEE00AF1EE24
:1048600010FAF1DC02F062FA032002F0DBFCB3EE96
:10487000040AFCF74FFC0220FCF73AFC02E005209A
:1048800004F04EFED5ED000A96ED020A70EEC80A5D
:10489000B4EEE00AF1EE10FAF1D302F047FA032089
:1048A00002F0C0FCB6EE000A89ED080AB3EE0E0A6B
:1048B000FCF730FC0424052004F032FE042C7FF4C5
:1048C000F3AE0021084601F033FD02B0BDEC048BCD
:1048D000BDE8F0870000000020E80020000C024046
:1048E000540D0020C0EA0020080E0020E80D002032
:1048F00010B52DED028BB0EE408A02F077FB134825
:1049000000221449D0ED020A114890ED001A70EE11
:10491000C10AF0EEE00AF4EEC80AF1EE10FA06DC85
:104920000D48437A032B02D3007A05280AD208786F
:10493000401CC0B20870052805D301200A70BDECE8
:10494000028B10BD0A700020F9E70000C0EA0020C9
:10495000540D00209800002014EB002010B54849A9
:104960001C222DED028B8EB06846FBF7DEFC45491C
:104970001C2207A8FBF7D9FC9FED430A404880EDB5
:10498000000A9FED420A80ED010A9FED410A80ED89
:10499000020ADFED408A0220F2EE080AB0EE681A41
:1049A000B2EE080AFCF7EAFAFCF746FA3A4CBFEE18
:1049B000008A10E002F01AFB2088C0F3C11003281F
:1049C00006D1207A052803D202F03EFAB0EE408AE2
:1049D000052004F0A5FD207A0828EBD318EE100A74
:1049E00010F1814F03D102F02FFAB0EE408A2B482C
:1049F000F1EE040AF0EE683A90ED000A0020F2EEC3
:104A0000082A30EE201AF3EE040AF2EE081A30EE0D
:104A1000202AB0EE413AF0EE480AB3EE090AFFF759
:104A20008FFD0420B0EE481AF2EE080A9FED1C0A32
:104A3000FCF722FAFCF7E2F9C82004F071FD02F05D
:104A400003FAB0EE408A02F0FFF9DFED160A30EE0D
:104A5000200AF0EE480AFCF7C5FB09481C2269460B
:104A6000FBF763FC07481C2207A9FBF75EFC01214A
:104A7000084601F05DFC0EB0BDEC028B10BD0000DD
:104A80005CE90020B0E9002000000C426F12833B7B
:104A9000000096430000000014EB0020540D00209D
:104AA000000096420000344310B52DED048BB0EEAB
:104AB000409A02F0C9F91D4CDFED1D8AB0EE408A24
:104AC0002078F8B1F0EE480A94ED010A03F0A4F85A
:104AD00084ED018AD4ED020AB0EEC00A30EE200A5D
:104AE00084ED020A1349A068884212DB002020707E
:104AF000C4ED018AC4ED028A04F02EFB0120BDEC56
:104B0000048B10BD0120207084ED018AC4ED028A5F
:104B1000E8E70120B0EE490A04F032FBF7EE000AA4
:104B20009FED050A04F0CAFA0020E8E7F40D002022
:104B300000000000000004439A99993F012003F00F
:104B4000A1F8FBE710B504F00BFC02F02BFC02F01F
:104B500017FF04F029FCBDE81040002004F056BD0A
:104B600008B50448202304A10090DA00054801F0AC
:104B70001EFD08BDD80D002053746172745F74610E
:104B8000736B0000454B0008502010B572B680F3DF
:104B90001188BFF34F8FBFF36F8F62B605F09EF998
:104BA00018B104494FF080500860002080F311884C
:104BB00010BD000004ED00E010B592B03021684651
:104BC000FBF7DAFB14210CA8FBF7D6FB1F480168A2
:104BD00041F080510160006800F0805011901C4845
:104BE000016841F4404101600068022400F4404043
:104BF000119001200090000401908001CDE9064051
:104C000004200890D820CDE9090468460B94FDF7EC
:104C1000B5FC08B172B6FEE7FDF7F0F808B172B660
:104C2000FEE70F20CDE90C0400200E904FF4A050B9
:104C30000F904FF48050109007210CA8FDF790FBC7
:104C4000002801D072B6FEE712B010BD4038024015
:104C5000007000400248016841F470010160704733
:104C600088ED00E0044810B5FEF7F2F9BDE8104009
:104C70000248FEF7EDB90000380E002000100020B9
:104C80000148FEF7E5B90000380E0020044810B5D1
:104C9000FEF7DEF9BDE810400248FEF7D9B9000082
:104CA000380E00204C1000200148FEF7D1B900005A
:104CB000380E00200148FEF7CBB90000840E00201A
:104CC0000148FEF7C5B90000D00E00200148FEF7EC
:104CD000BFB900001C0F00200148FEF7B9B9000061
:104CE000680F002005480068C168C943C90701D1A1
:104CF000891E01610148FEF7ABB900007CEB002082
:104D00000148FEF7A5B90000B40F00200148FEF7E6
:104D10009FB90000B40F0020044810B5FEF798F9C1
:104D2000BDE810400248FEF793B90000B40F002020
:104D3000881400200148FEF78BB90000B40F002052
:104D4000F0B502684FF0804E264D274E274FA842FF
:104D5000DFF89CC0274B09D0704507D0B04205D082
:104D6000B84203D0604501D0984203D122F07004CC
:104D70004A682243A8421BD0704519D0B04217D0D0
:104D8000B84215D0604513D0984211D01A4CA042B9
:104D90000ED01A4CA0420BD0194CA04208D0194C8E
:104DA000A04205D0184CA04202D0184CA04203D11A
:104DB00022F44074CA6822434C6922F080022243E4
:104DC0008C68C4620C688462A84201D0984201D108
:104DD00009690163016841F0040101600121416139
:104DE0000260F0BD000001400004004000080040E7
:104DF000000C00400004014000400140004401401C
:104E00000048014000180040001C00400020004005
:104E1000012301F01F0110B5046A8B409C4304621A
:104E2000036A8A401343036210BD10B5846842EAE6
:104E300003220A4324F47F442243826010BD826827
:104E400022F070020A4342F00701816070470000BF
:104E5000F0B5056A026A22F00102026242688369C3
:104E600025F00205114C124E23400C6823F0030379
:104E7000104F1C438B682B43B04201D0B84205D180
:104E8000CD6823F008031D4325F00403B04201D090
:104E9000B84205D14D6922F4407215438A692A430C
:104EA00042608461496841630362F0BD8FFFFEFF89
:104EB0000000014000040140F0B5056A026A22F0DA
:104EC0001002026242688369154C174E23400C6839
:104ED00023F4407343EA042425F020038D6843EA59
:104EE0000513104DA84201D0B04206D1CF6823F07F
:104EF000800343EA071323F04003A84201D0B042E5
:104F000007D14D6922F4406242EA85028D6942EA86
:104F1000850242608461496881630362F0BD0000DC
:104F2000FF8FFFFE0000014000040140F0B5056A5C
:104F3000026A22F4807202624268C369144C164EFF
:104F400023400C6823F003031C4325F400738D6891
:104F500043EA05230F4DA84201D0B04206D1CF68E5
:104F600023F4006343EA072323F48063A84201D0BB
:104F7000B04207D14D6922F4405242EA05128D69D0
:104F800042EA05124260C4614968C1630362F0BD30
:104F90008FFFFEFF000001400004014030B5046AAD
:104FA000026A22F4805202624268C36924F4005407
:104FB0000D4D2B400D6823F4407343EA05238D68A3
:104FC00044EA0534094DA84202D0094DA84204D153
:104FD0004D6922F4804242EA85124260C361496809
:104FE0000164046230BD0000FF8FFFFE000001403D
:104FF0000004014030B5056A026A22F48032026280
:105000004268436D0C4C23400C681C4325F400336C
:105010000D8943EA0543094DA84202D0084DA84234
:1050200004D14D6922F4803242EA0522426044658F
:1050300049688165036230BD8FFFFEFF00000140BB
:105040000004014030B5046A026A22F48012026250
:105050004268436D24F400140C4D2B400D6843EA64
:1050600005230D8944EA0554094DA84202D0094D93
:10507000A84204D14D6922F4802242EA852242608E
:1050800043654968C165046230BD0000FF8FFFFEC3
:10509000000001400004014010B5046A036A23F0D7
:1050A00001030362836923F0F00343EA021383617F
:1050B00024F00A020A43026210BD10B5036A046AB2
:1050C00024F010040462846923F0A00343EA011170
:1050D00024F4704444EA02328261016210BD00008F
:1050E00010B5214C2DED028B60789FED208A10B118
:1050F000B0EE480A0AE01E4890ED000AFBF78EFE6B
:10510000D4ED030A30EE600AFBF788FEDFED190AE2
:1051100019481A4C30EEC00AF7EE000A10EE101AC9
:1051200080ED020AC0ED060AB1F1804F0DDA144994
:1051300084ED018A84ED008A80ED048A80ED008A86
:1051400000200870BDEC028B10BD0E490A4802F029
:105150002BFFD4ED040A01F01BFA84ED000AB1EE36
:10516000400A84ED010AEDE7F40D00200000000084
:10517000C0EA00200000B44304EA0020080E00202A
:10518000B30D002094E9002010B500202DED028B16
:10519000F7EE008AB0EE008A03F0F2FFB0EEC00A2C
:1051A000B4EEC80AF1EE10FA05D203F0D5FF0120E3
:1051B000BDEC028B10BDF0EE480AB0EE680A03F0B9
:1051C0007DFF0020F4E700000148FEF7DBB9000096
:1051D000981000200148FEF7D5B9000020110020EA
:1051E0000148FEF7CFB90000A811002090F8241064
:1051F000090706D501684A68436B22F400421A4346
:105200004A6090F82410C90706D001684A68836A8A
:1052100022F400321A434A6090F82410890706D518
:1052200001684A68C36A22F480321A434A6090F8DF
:105230002410490706D501684A68036B22F48022CE
:105240001A434A6090F82410C90606D501688A6896
:10525000836B22F480521A438A6090F824108906E6
:1052600006D501688A68C36B22F400521A438A602B
:1052700090F82410490611D501684A68036C22F49D
:1052800080121A434A60016CB1F5801F06D1016893
:105290004A68436C22F4C0021A434A6090F8241012
:1052A000090606D501684A68806C22F40022024390
:1052B0004A607047F8B500250446C0F88450FCF7F2
:1052C000DBFC0346206800684FF02006000716D577
:1052D0006FF07E40009000222046310400F050FA2A
:1052E00068B1206850E8001F21F0800140E80012FA
:1052F000002AF6D1E667032084F87850F8BDE66707
:10530000C4F8806025666566002084F87850F8BD92
:1053100010B5806B0021A0F85A10FEF732F910BDCD
:1053200070B5846BE06FD4F88050216889684FF0C5
:105330000006090606D5212804D1A4F852602046AB
:1053400000F0A8F820688068400606D5222D04D118
:10535000A4F85A60204600F077F8D4F8840040F0B2
:105360001000C4F884002046FEF70BF970BD034618
:1053700070B5D9690024806BB1F5807F2DD0A0F87D
:105380005A40016851E8002F22F4807241E800255C
:10539000002DF6D10168083151E8002F22F00102FA
:1053A00041E80025002DF5D10168083151E8002FB2
:1053B00022F0400241E80025002DF5D12021C0F85F
:1053C0008010016E012908D1016851E8002F22F0F8
:1053D000100241E80025002DF6D14466016E012936
:1053E00002D0FEF71BFC70BDA0F85A40196849684E
:1053F000B0F8582089B28A4201D9A0F85A10B0F802
:105400005A10511A89B2FEF774F870BD10B50246F1
:10541000806B01214166016E012902D0FEF7FFFB7E
:1054200010BDB0F858104B08A0F85A3012685268F6
:1054300092B2914201D3A0F85A20B0F85A20891AAA
:1054400089B2FEF756F810BD016851E8002F22F42A
:10545000907241E80023002BF6D10168083151E831
:10546000002F22F0010241E80023002BF5D1016E4C
:10547000012908D1016851E8002F22F0100241E80B
:105480000023002BF6D12021C0F8801000210166F6
:1054900081667047016851E8002F22F0C00241E8A0
:1054A0000023002BF6D12021C167704770B5044658
:1054B000816800690025E269014360691043014386
:1054C000206802687B4B1A400A43026020684168EA
:1054D000E26821F4405111434160216AA06901430F
:1054E0002068826822F430620A438260724B4FF473
:1054F00000422068714998420AD1086810F0030000
:1055000052D001287CD002287BD003286ED187E0BE
:105510006B4B98420AD1086810F00C007AD004282E
:105520007CD0082878D00C2860D179E0654B98426F
:105530000AD1086810F030006CD010286ED02028F6
:105540006AD0302852D16BE05F4B98420AD108688C
:1055500010F0C0005ED0402860D080285CD0C02809
:1055600044D15DE0594B98420DD1086810F4407069
:1055700050D0B0F5807F51D0B0F5007F4CD0B0F561
:10558000407F33D14CE0524B98420FD1086810F461
:10559000406009D0B0F5806F40D0B0F5006F3BD0CF
:1055A000B0F5406F22D13BE0012120E0494B984209
:1055B0000DD1086810F440502CD0B0F5805F2DD08C
:1055C000B0F5005F28D0B0F5405F0FD128E0424B26
:1055D00098420BD1086810F440401BD0B0F5804FC2
:1055E0001CD0904218D0B0F5404F19D01021E3697B
:1055F0003A484FF6EF76934233D109294CD202E074
:105600000CE009E006E0DFE801F00D10154729473E
:10561000474716000021EAE70221E8E70421E6E710
:105620000821E4E7FCF75AFF01E0FCF767FF0200FE
:1056300001D139E002466068510001EB5001B1FB35
:10564000F0F0A0F11001B14226D84FF6F071014000
:10565000C0F3420001432068C16025E0FCF75EFF13
:10566000E5E7092918D2DFE801F005080D17191739
:1056700017170E00FCF732FF01E0FCF73FFF0200B6
:1056800001D111E00246606802EB5001B1FBF0F07D
:10569000A0F11001B14204D9012505E0FCF73EFF5D
:1056A000EDE7216880B2C8600020A066E066284669
:1056B00070BD0000F369FFEF001001409038024018
:1056C0000044004000480040004C004000500040B2
:1056D0000014014000780040007C00400024F400E9
:1056E00070B541650021A0F858200446C0F8841028
:1056F0002220C4F88000606FD8B11E4BC363636F73
:105700001D481864636F1D48D8641346606F0165B7
:10571000606D656F2168024628462431FCF770F9F8
:1057200038B11020C4F884002020C4F88000012083
:1057300070BD206940B1206850E8001F41F48071BD
:1057400040E80012002AF6D12068083050E8001F17
:1057500041F0010140E80012002AF5D1206808302C
:1057600050E8001F41F0400140E80012002AF5D146
:10577000002070BD6F5300080D540008215300082D
:105780002DE9F0471F4690460D460446089E4FF00F
:10579000000932E0701C30D0FCF76EFAC01BB0423A
:1057A00018D8BEB120680168490726D5802D24D0BD
:1057B000402D22D0C169C94309070DD408250562CF
:1057C0002046FFF741FEC4F88450012084F8789009
:1057D000BDE8F0870320FBE7C069C04300050CD497
:1057E00021684FF4006008622046FFF72DFE20205C
:1057F000C4F8840084F87890ECE72068C06935EA42
:10580000000004D000204045C4D00020E0E7012083
:10581000F9E700000148FDF7B5BE00003012002096
:105820000148FDF7AFBE0000B81200203E4870B539
:105830000068C169C1F3001100296BD01021016219
:105840003948FDF757FE394800684068384CC0F1C8
:105850008400C0B22128207056D3364A10785528CB
:1058600052D1507851284FD1907D55284CD1D07DC0
:10587000532849D100211620135C401C20281944CC
:10588000C9B2F9DB92F8200088423DD1108BDFEDE0
:105890002A0A00B2274D404200EE100A9FED271A57
:1058A0008435B8EEC00A20EE200A20EE010A85ED0C
:1058B000020A508B00B201EE900AF8EEE11A61EE96
:1058C000A01A61EE811AC5ED011A908B00B201EEAB
:1058D000900A1B48F8EEE11A61EEA00A60EE810A18
:1058E000C5ED000A007878B101F03AFA85ED020AB8
:1058F00095ED010A01F034FA85ED010A95ED000AF3
:1059000001F02EFA85ED000A21780A48FAF734FDF5
:1059100000202070074984220348FEF761F9BDE8A2
:1059200070400148FDF72EBE4013002028140020CF
:10593000600D00203CEA00200000003800003443E5
:10594000450D0020FEE700000FB47CB50C0009AD4A
:1059500001D0611E00E00021CDE90001064B6A463E
:105960002946089800F0ECF8002C02D0009A00219B
:1059700011707CBC5DF814FB476200080907090E32
:10598000002804DB00F1E02080F80014704700F0EC
:105990000F0000F1E02080F8141D704702E008C8F5
:1059A000121F08C1002AFAD170477047002001E099
:1059B00001C1121F002AFBD1704700002DE9FF5FD3
:1059C00082B00021DDE90430020DDDF840B0034370
:1059D00018D044F61050A2F2FF3242431514119829
:1059E00001281FD0A5EB0B00401C5FEA000A4FF016
:1059F00000064E4FDFF83891B046504615D5CAF133
:105A0000000413E0119801244AA3012801D16FEA90
:105A10000B010298119AC0E90031C0E9024206B0B8
:105A2000BDE8F09FCBF10000DFE704460021404ACB
:105A3000491842EB0450CDE9001012E0E00707D00E
:105A400032463B4640464946FAF7A8FC804689461E
:105A500032463B4610461946FAF7A0FC06460F466A
:105A60006410002CEAD1DDE90401DDE90023BAF17C
:105A7000000F06DAFAF792FC42464B46FAF78EFC24
:105A800005E0FAF749FE42464B46FAF745FE044662
:105A90000E460022284BFAF7C7FE03D84FF0FF301E
:105AA000014607E00022254B20463146FAF78DFDDE
:105AB000FAF7A1FE102409E0002C0ADB0A220023D9
:105AC000FAF702FC039B30321A55641E50EA0102B9
:105AD000F2D1641C039AC4F111031444119A012AEF
:105AE00003D0012208430DD10AE0084304D000206E
:105AF0004FF0110B119072E7A3EB0B056D1E0DE03B
:105B00005B4504DD4FF0000205F1010504E003DA16
:105B10004FF00002A5F10105002AECD0029811997E
:105B2000C0E90231C0E9004579E7000000001440F7
:105B30000000F03F300000000000F0430000E03FB4
:105B40002DE9FF4F95B09A46884606460025EEE1BE
:105B5000252877D100242746F94A0121039400E043
:105B6000044316F8013F203B01FA03F01042F7D13D
:105B700030782A2811D06FF02F033078A0F130024E
:105B8000092A16D8039A44F0020402EB820203EBBE
:105B900042021044761C0390EFE758F8042B03925E
:105BA000002A03DA504244F40054039044F0020403
:105BB000761C30782E2816D116F8010F44F0040414
:105BC0002A280DD06FF02F023078A0F13003092B76
:105BD00009D807EB870302EB4303C718761CF3E7EA
:105BE00058F8047B761C30786C280FD006DC4C28E3
:105BF00017D068280DD06A2814D104E0742810D07A
:105C00007A280FD10DE044F400140AE044F4801423
:105C100001E044F440147278824202D104F5801409
:105C2000761C761C307866280BD013DC582877D089
:105C300009DC002875D04528F6D04628F4D047283E
:105C40001AD193E118E0632835D0642879D065280B
:105C500012D18BE1702873D008DC6728F1D0692855
:105C60006FD06E280DD06F2806D1ACE073282CD0F1
:105C7000752874D0782853D05246179990476D1CD8
:105C800054E1C4F30250022809D003280DD0D8F8FB
:105C9000001004280DD00D6008F1040846E1D8F882
:105CA0000010EA17C1E90052F6E7D8F800100D809D
:105CB000F2E70D70F0E718F8041B8DF800100020D3
:105CC0008DF80100EB46012003E058F804BB4FF0CB
:105CD000FF3061074FF0000102D40DE009F101012E
:105CE0008946B9420FDA8145F8DB1BF80910002913
:105CF000F4D108E009F1010189468142FADB1BF881
:105D000009100029F6D103985346A0EB0907214654
:105D10003846179A00F080FA284400EB090507E09E
:105D200044E008E10DE01BF8010B5246179990473B
:105D3000B9F10109F7D2534621463846179AF2E0E5
:105D400039E00A21C4F302524FF0000B0091022AFD
:105D500006D058F8040BC117032A09D00AE023E043
:105D600008F1070020F00702F2E80201904605E082
:105D700000B2C117042A01D140B2C117002906DAC6
:105D80000A460021404261EB02012D2202E0220579
:105D900004D52B228DF80420012203E0E20701D074
:105DA0002022F7E7914657E00A2100E010214FF04A
:105DB000000B00910BE010214FF0000B44F00404A5
:105DC0000827009103E008204FF0000B0090C4F377
:105DD0000252022A05D058F8040B0021032A08D0E9
:105DE00008E008F1070020F00702F2E802019046FF
:105DF00003E080B2042A00D1C0B24FF000092207AC
:105E00002AD53278702A07D0DDF800C08CF0100C4B
:105E10005CEA0B0C05D00EE040228DF80420012234
:105E200008E050EA010306D030238DF804308DF8E5
:105E3000052002229146009B83F0080353EA0B03DE
:105E40000AD150EA010201D1620705D530228DF84E
:105E500004204FF001097F1E3278582A04D039A25D
:105E60000C920CAA02920BE03BA2F9E75B46009A67
:105E7000FAF72AFA0C9B9B5C029A521E029213704C
:105E800050EA0102F2D1029804A9081A00F1200B8D
:105E9000600702D524F4803400E001275F4502DD6D
:105EA000A7EB0B0000E0002000EB0B010090039833
:105EB0004944401A0390E00306D453462146179AFA
:105EC000039800F0A9F90544002706E001A852460E
:105ED000C05D179990476D1C7F1C4F45F6DBE003B2
:105EE0000CD553462146179A039800F095F90544BE
:105EF00004E030205246179990476D1C0099481EC7
:105F000000900029F5DC08E00298029952460078DA
:105F1000491C0291179990476D1CBBF10001ABF130
:105F2000010BF1DC5BE100F065F90544761C30788B
:105F300000287FF40DAE19B02846BDE8F08F0000B0
:105F4000092801003031323334353637383961624F
:105F50006364656600000000303132333435363713
:105F6000383941424344454600000000600700D4F0
:105F7000062708F1070020F00700F0E8022380461A
:105F800003F0004C5FEA0C0001D097A009E0200567
:105F900001D596A005E0E00701D095A001E0AFF2A1
:105FA0004C001390307823F0004365280CD006DCB9
:105FB000452809D046281DD047287FD13BE06628D8
:105FC00018D067287AD136E00021112F01DB11208B
:105FD00000E0781CCDE9000104A90CA8FFF7EEFC55
:105FE000DDE90D010C9A4FF0000B07F10109109249
:105FF00000914EE04FF000400097CDE9011004A958
:106000000CA8FFF7DBFCDDE90D020C9B0F994FF0AC
:10601000000B91461093009211B9791C00EB010915
:10602000B7EB090003D4C0F1FF3B07F10109A9EB6D
:106030000700019042E0012F00DA01270021112F13
:1060400001DD112000E03846CDE9000104A90CA8CB
:10605000FFF7B4FCDDE90D010C9A00914FF0000B45
:10606000B946109221070FD4009A4A4503DA9146A7
:1060700001E0A9F10109B9F1010F05DD109AA9F1BB
:106080000101515C3029F4D0B84202DA10F1040F5A
:1060900003DA0121CDE9011010E0002803DC83447C
:1060A000A9EB000102E0411C494500DD8946A0EB57
:1060B0000B00401C01904FF000400290200705D4D7
:1060C0000198484502DB4FF0FF30019000208DF829
:1060D0004B0002980DF14B07B0F1004F25D0022084
:1060E0000C902B200D90029800280CDA4042029070
:1060F0002D200D9007E00A210298FAF7D4F93031EB
:10610000029007F8011D0C99481E0C900029F2DC42
:1061100002980028EFD1791E0D980870307800F0B1
:10612000200040F0450007F8020D11A8C01BC01D5B
:1061300002901398007800B1012000EB090101984A
:1061400001EBE071029801440398401A401E03904D
:10615000E00306D453462146179A039800F05CF8F2
:1061600005441398007818B15246179990476D1C52
:10617000E00323D553462146179A039800F04CF8C4
:1061800005441BE0BBF1000F07DB0098584504DD18
:106190001098179910F80B0001E01799302052461B
:1061A000904701980BF1010B401E05F1010501908C
:1061B00004D12E205246179990476D1CB9F1000169
:1061C000A9F10109DEDC05E017F8010B5246179929
:1061D00090476D1C0299481E02900029F4DC53463A
:1061E0002146179A03989EE62D0000002B00000020
:1061F000200000002DE9F041044600251E46174608
:10620000880404D405E039462020B0476D1C641E84
:10621000F9D52846BDE8F0812DE9F0410446002576
:106220001E469046C80301D5302700E02027880489
:1062300004D505E041463846B0476D1C641EF9D5CB
:106240002846BDE8F0814A68002A06D00A68531C37
:106250000B6010704868401E486070470A4890ED17
:10626000020AB5EEC00AF1EE10FA0CD9074981ED29
:10627000000A90ED030A81ED020A9FED050A80ED08
:10628000020A80ED030A7047A8E700205CE90020BD
:10629000000000002DE9F04100250F46064636E0DB
:1062A00006EB05141B48D4EC020A90ED040A00F03A
:1062B00061F9B8B91848D4EC020A90ED040A00F06C
:1062C00059F978B91548D4EC020A90ED040A00F0A7
:1062D00051F938B91248D4EC020A90ED040A00F0E2
:1062E00049F998B106EB0510104990ED020A0D48E6
:1062F00080ED000A9FED0C0A80ED010A94ED030A7F
:1063000080ED020A00204870BDE8F0816D1CBD429E
:10631000C6DBF9E78CE80020A4E80020BCE80020F8
:10632000D4E800205CE9002000000000B00D00204F
:1063300070B50D460446FAF77FFD24B109489FED7C
:10634000080A80ED020A0DB101F0F0F906480021BB
:1063500080F83010017841F00401017070BD000038
:1063600000000000080E002020E800200A48DFEDB1
:10637000090A01E030EE600A10EE101A8142F9DCE1
:10638000064910EE100A884202D330EE200AF8E7E0
:10639000704700000000B44300003443000034C3E1
:1063A0002DE9F0413F4D04464FF000082DED048BE0
:1063B000B0EE408A287848B1DFED3B0A85F80180CD
:1063C00085F80280C5ED020A85F8008000F00EFE17
:1063D000364A10883649384E384FC30ADFED350A41
:1063E000B0EE009AF3EE098A4FF0140014D06A78E8
:1063F00012B1AA78012A07D091ED000A85ED020AB0
:1064000020EE200A81ED000A68700120A87000F0DB
:106410001BFD30EE090A16E01288D2061ED06A78FB
:1064200012B1AA78022A07D091ED000A85ED020A7E
:1064300020EE200A81ED000A68700220A87000F0AA
:1064400003FD30EE490AFFF791FF85ED010A84ED67
:10645000000A86ED010AC7ED038A14E06878B8B136
:10646000401E10F0FF00687095ED010A84ED000AEF
:1064700086ED010AC7ED038A05D195ED020A81ED8B
:10648000000A85F802800120BDEC048BBDE8F08194
:1064900084ED008A86ED018AB3EE0E0A002087EDB6
:1064A000030AF1E78C0000200000000014EB00203C
:1064B000B0E900206666E63FE80D0020080E0020E7
:1064C0002DE9F047274E05462DED028BF0EE608A50
:1064D000B0EE408A30700320FAF70AFE224F4FF0E8
:1064E000000897F8740028B186F80080BDEC028B94
:1064F000BDE8F0871D4880ED008A15B14FF4167491
:1065000000E00024DFF8689018E015B13078E8B1B9
:106510000CE000F099FC38EE400A01F099FBB0EE77
:10652000C00AB4EEE80AF1EE10FA0FD91CB1641EED
:106530002404240C0AD0052002F0F2FF99F8000090
:10654000032803D197F874000028DED086F8008075
:106550000020FAF7CDFDBDEC028B3220BDE8F047FC
:1065600002F0DEBFF00D0020A8E70020E80D0020BB
:10657000B00D0020B4EEE00AF1EE10FA06DDB4EE44
:10658000C10AF1EE10FA01D20120704700207047D5
:10659000B4EEE00AF1EE10FA06DCF1EE600AB4EEB9
:1065A000E00AF1EE10FA01D2B0EE600A70471CB5B5
:1065B00092B2049CCDE90034002303F01DFC1CBD05
:1065C0002F4870B58078002859D002F03DFA002895
:1065D00055D12C4C2C4D207F02280BD1606AA8424B
:1065E00008D1FAF7BFFCB0EEC00A10EE100A274936
:1065F000884244DB00F0FAFC2548216A00F07CFA6E
:1066000018B102F05DFA00F04DF802F01DFA98B9E9
:10661000FAF7A8FC208DF0EEC00A00EE100A9FEDFC
:106620001D1AB8EE400A20EE010AF4EEC00AF1EE9F
:1066300010FA01DB02F044FA02F006FA00281ED13B
:1066400094F8300001281AD1207F022814D00B289A
:1066500015D01148124990ED020A1048D0ED000AF9
:1066600030EE600AB0EEC00A10EE100A884206DD75
:10667000BDE8704002F024BA606AA842E9D170BD5A
:106680009C00002020E80020000034430000C841A6
:1066900014EB00209A99993FC0EA0020540D002085
:1066A0000000A04010B52DED028BFAF75BFC1D4CED
:1066B000F0EEC00A9FED1C1A208D00EE100AB8EE15
:1066C000400A20EE010AF4EEC00AF1EE10FA26D3D9
:1066D00000F0BAFBD4ED0F0A01F082FAB0EEC08AE6
:1066E000D4ED0F0A94ED090A01F07AFAF0EEC00A2F
:1066F000B0EE480A02F0C6F910B1B3EE090A08E09C
:1067000094ED110AD4ED0B0AB4EEE00AF1EE10FAA2
:1067100005D2BDEC028BBDE81040FAF7FBBCBDEC26
:10672000028B10BD20E800203333333F70B5FAF7F9
:1067300083FB02F099F90C4903220123002460B97C
:106740000A48006A050501D50B7009E0C50402D5A9
:106750000220087004E0000301D50A7000E00C700C
:1067600003488470037070BD640D002020E8002091
:106770009C00002010B5FAF76DFBBDE81040FAF759
:1067800073BB10B5FAF7B6FBBDE81040FAF7BABB19
:1067900070B51A4C207808B9FFF7C8FF2078184D5B
:1067A00001280AD195ED0B0AFAF7B4FC0220FAF79A
:1067B0009FFCFFF7E6FF0220207000F0FDF8A078B4
:1067C000012690B9FAF7CEFB288DF0EEC00A00EE54
:1067D000100A9FED0C1AB8EE400A20EE010AF4EE02
:1067E000C00AF1EE10FA00DBA670FFF7E9FE02F036
:1067F0002BF9002800D0667070BD00009C000020BE
:1068000020E800209A99993E2E49182270B5A1F1EE
:106810001C050C46281DF9F788FD05F134012046BA
:1068200018220E46F9F781FD274C04F10901207862
:10683000095CFF2911D0401C2070287F00F026FB46
:1068400000EB40012148182200EBC1013046F9F766
:106850006CFD2879072822D107E0FFF78BFFFAF7B4
:10686000CDFA6078401C607070BD287F062816D174
:1068700095F83400032812D11548D5ED090A90ED9A
:10688000000A01F08DF9042095ED091AF3EE090ACA
:10689000B2EE040AFAF7F0FA0E4903200870FAF78C
:1068A000CBFA09489FED0C0AC01E80ED020A95ED57
:1068B0000B0AFAF72FFC0220FAF71AFCBDE8704029
:1068C000FFF75FBF3CE800209F0000200C01002084
:1068D000C0EA0020640D0020000000002DE9F05FF8
:1068E0002DED028B00F0B0FAB0EE401A0420F3EE6A
:1068F000090AB1EE040AFAF7BFFA294F0320DFF8BC
:10690000A480B1EE080A97ED048AD8ED028A87EDDB
:10691000040AB2EE0E0A88ED020AFAF7E9FB224EEB
:10692000224896ED0F0A80ED000A00F08DFAD6EDB0
:106930000F0A01F055F90025DFF87490DFF874A014
:106940006424B0EEC00A4FF0824B19E0052002F03B
:10695000E7FD00F079FAD6ED0F0A01F041F9B0EE4B
:10696000C00A10EE100A584501DA012500E01DB1F9
:1069700010EE100A48450FDC641E2404240C0BD0D2
:1069800010EE100A5045E1DC87ED048AC8ED028A5A
:10699000BDEC028BBDE8F09FFAF730FAF4E7000097
:1069A000080E002094E9002020E80020E80D0020D7
:1069B0000000A0410000404070B5164C207802282D
:1069C00026D1FAF7CFFA144DF0EEC00AB6EE001A4F
:1069D000288D00EE100AB8EE400A20EE010AF4EE0F
:1069E000C00AF1EE10FA13D302F03EF80B4902226E
:1069F000032338B9286A850302D50120087006E010
:106A0000450301D50A7002E0800200D50B702370A7
:106A100070BD00009C00002020E80020640D0020D4
:106A200010B52DED028B02F00FF800284CD002F0CB
:106A300013F8FFF79FFE00F007FA254CD4ED0F0A7C
:106A400001F0CEF8B0EEC08AD4ED0F0A94ED090A39
:106A500001F0C6F8F0EEC00AB0EE480A02F012F8F3
:106A600000B3208C800504D418EE100A194988421E
:106A700022DD00F0E9F9B0EE401A0420F3EE090A35
:106A8000B2EE0E0AFAF7F8F9FAF7B8F9642002F054
:106A900047FD00F0D9F9F0EE400A94ED0F0AFAF73D
:106AA000A1FB0BE0FAF7C8F994ED110AFAF732FBF3
:106AB0000220FAF71DFB01E0FFF710FFBDEC028B8F
:106AC000BDE81040FFF7A0BEBDEC028B10BD00007A
:106AD00020E800200000B44210B50446F9F757FC46
:106AE00021464FF6FF73BDE8104082B20148FDF722
:106AF00097B80000B812002070B58A074FF0010463
:106B00000ED500230822058804FA02F6354201D08A
:106B10005B1CDBB2521CD2B2102AF4D3052B3ED23E
:106B20004A070FD5002326461A46058806FA02F4BE
:106B3000254201D05B1CDBB2521CD2B2082AF4D32E
:106B4000052B2CD20A0707D50288C2F3C112032AEB
:106B500002D1027A062A22D3CA0607D50288C2F3D6
:106B6000C102032A02D1027A062A18D38A0605D561
:106B7000427A022A02D3027A042A10D94A0602D59E
:106B8000427A032A0BD20A0604D5027A3AB1027A73
:106B90000E2A04D2C90304D5007A052801D30120A6
:106BA00070BD002070BD000001A0FFF795BF000080
:106BB0003D3D3D20494D5520446562756720537425
:106BC000617274203D3D3D0D0A00000000B5A3B088
:106BD000FAF7CEF9002840D121490878401CC0B20C
:106BE00008700A2839D3002008701E480069F9F798
:106BF00047FCCDE9000180211BA202A8FEF7A4FEFC
:106C000002A8FFF769FF1B480069F9F739FCCDE9D5
:106C10000001802118A202A8FEF796FE02A8FFF745
:106C20005BFF18480069F9F72BFCCDE900018021D2
:106C300015A202A8FEF788FE02A8FFF74DFF15482F
:106C40000069F9F71DFCCDE90001802112A202A81C
:106C5000FEF77AFE02A8FFF73FFF23B000BD000059
:106C6000040E00208CE800204C303A252E32660DB0
:106C70000A000000A4E800204C313A252E32660DAF
:106C80000A000000BCE8002052303A252E32660D82
:106C90000A000000D4E8002052313A252E32660D59
:106CA0000A000000124808B5016841F020010160A7
:106CB000006840F2DB520F4900F0200000900E48BF
:106CC0000160D72141600021C0E9021201618021E9
:106CD0008161FBF7A5FE002209213720FBF75CF854
:106CE0003720FBF74BF8BDE808400348FBF77EBFB1
:106CF00040380240001400407CEB002030B50023F7
:106D000004464FF47A7504E0284600F005F85B1C51
:106D10009BB2A342F8D330BD034900220A600A683F
:106D20008242FCD3704700002414004008480949FF
:106D30009FED060A80ED070A002048628903486239
:106D40000549086005490860704700000000000020
:106D5000080E00200000014024040040240C0040E4
:106D6000374A3849DFED350AB1EE082A907850B13C
:106D7000507801EB8003401C83ED000AC0B25070D4
:106D8000082831D032E0107870EE801A01EB8003D1
:106D9000401C83ED000AC0B21070082823D1D1ED49
:106DA000000A0720B0EE601A01EB800393ED000AA1
:106DB000B4EEE00AF1EE10FA02DDF0EE400A06E071
:106DC000B4EEC10AF1EE10FA01D2B0EE401A401E44
:106DD00010F0FF00E8D131EEE00A0120907070EE73
:106DE000410A80EE820A704700205070D1ED000AFF
:106DF0000720B0EE601AF0EE601A01EB800292ED0F
:106E0000000AB4EEE00AF1EE10FA02DDF0EE400AFC
:106E100006E0B4EEC10AF1EE10FA01D2B0EE401A6B
:106E200070EE211A401E10F0FF00E6D131EEC10ACB
:106E300070EE600A80EE820A7047000000000000D9
:106E4000460D00206CE800200C480E4990ED000A29
:106E5000D0ED030A30EE200ADFED090A01E030EE42
:106E6000600A10EE100A8842F9DC074910EE100A99
:106E7000884202D330EE200AF8E77047C0EA0020CB
:106E80000000B44300003443000034C30A4A30B564
:106E90000B4B145C094A105C002208E000EB400533
:106EA00013F835508D4205D0401C521CC0B2A2428E
:106EB000F4DB002030BD0000DC0C0020100D0020B1
:106EC0000C0100207047000010B501F039FD0149A8
:106ED000088010BD14EB0020384970B5486A0025C1
:106EE000374C00B220804D628A03516A09B261803A
:106EF0005562344B1A6812B2A2801D60324E33685C
:106F00001BB2E3803560012400EE100AB7EE001AD0
:106F1000BFEE002AB8EEC00A2C4D2D48DFED2D2A19
:106F200060EE010A00EE101A6C602C60A41EB8EE30
:106F3000C00AEC60AC6020EE011A00EE102AB8EE38
:106F4000C00A60EE021A00EE103AB8EEC00A20EE57
:106F5000022AC0EC040A103090ED000A70EEC00A5C
:106F600000EEA20A80ED000AD0ED010A31EE601AAF
:106F700041EE220AC0ED010A90ED021A71EEC11A2B
:106F800001EEA21A80ED021AD0ED031A32EE612A48
:106F900042EE221AC0ED031A0F4880ED040A0F4892
:106FA0009FED0F0AC0ED040A0E4821EE000A80EDA5
:106FB000040A0D48C0ED041A70BD00000000014035
:106FC0004A0D002024040040240C0040C80D00207D
:106FD0002CEB0020CDCC4C3F8CE80020A4E8002016
:106FE000713D8A3FBCE80020D4E8002010B5FFF7CF
:106FF0006BFF044890F9042010210348FCF766FE5B
:10700000002010BD6C0D002014EB002080ED010A63
:10701000D0ED001AF4EEC01AF1EE10FA0BD271EEB8
:10702000A00AC0ED000AF4EEC00AF1EE10FA01DD8C
:1070300080ED000A7047FDDD71EEC10AC0ED000A67
:10704000F4EEC00AF1EE10FAF2D37047064984223A
:10705000064810B5FCF7C4FD04480068016841F01B
:107060001001016010BD00003CEA00204013002028
:1070700030B5D0ED051AD0ED040ADFED3B3A31EE24
:10708000E01AB0EE630ABDEEC11A11EE102A42609A
:10709000836891ED052AD41A01EE104AB8EEC13A80
:1070A00090ED001AB4EEC21AF1EE10FA06DCD1ED42
:1070B000062AF4EEE20AF1EE10FA02DD002A10DBF5
:1070C00013E0B1EE422AB4EEC21AF1EE10FA06D382
:1070D000B1EE622AF4EEC20AF1EE10FA01D2002AF1
:1070E00003DD00EE102AB8EEC00AD1ED002AC46814
:1070F0005D4262EE832A91ED013A144404EB4504AB
:1071000002EE104A43EE002A91ED020AB8EEC22ABE
:1071100040EE022A32EE810A80ED000A91ED051A56
:10712000B4EEC10AF1EE10FA06DCB1EE411AB4EE8B
:10713000C10AF1EE10FA01D280ED001AF5EEC01A84
:10714000C0E90223F1EE10FA0CD1B0EEE00A10EE25
:10715000101AB1F17C5F05DAC0ED003A0021416000
:107160008160C16030BD00000000000070B5164DA8
:107170004FF4007128462DED028BB0EE608AF0EEE0
:10718000408AFAF76FFD50B1002428464FF4806121
:10719000FAF768FD28B100202CB188B903E001247A
:1071A000F3E70120F8E754EA000109D024B138EEF2
:1071B000C80ABDEC028B70BD10B138EE880AF8E742
:1071C000B0EE680AF5E70000000C024010B5FFF7CA
:1071D00045F8034800210171C180418210BD0000C3
:1071E000A8E700200D4910B5087C002807D00C48FE
:1071F000037A00220BB9407A10B14A82002010BDF8
:10720000488A401C00B24882C828F7DB4A82012025
:107210000A74F9F78FFE012010BD0000A8E70020D6
:1072200014EB0020054900229FED030A81ED000ABE
:107230000A71034908707047000000006C0D0020BF
:10724000640D0020B0EEC00AF6EE000A274930EEC9
:10725000200ABDEEC00A10EE100A9FED250A1C2878
:1072600029D012DC0C2835D00F2833D01428DFEDBC
:10727000210A2CD0192807D1B2EE0E1A81ED001A7E
:1072800081ED010AC1ED020A7047DFED1B0A1E28DD
:107290001AD0232806D02D2801D03728F4D1B1EEFA
:1072A000001AEBE7F1EE0C0AC1ED000A81ED010ACC
:1072B0009FED120A16E0F2EE000AC1ED000A81ED20
:1072C000010A9FED0F0A0DE0B2EE041AD6E7B2EE06
:1072D000081AD3E7F0EE000AC1ED000A81ED010AB9
:1072E0009FED080A81ED020A704700005CE900206A
:1072F000000000000000AF4300007A430000574345
:1073000000000C4300007042FAF7C4FCFDF754FC87
:10731000FCF7BEFDFCF78EFDFCF758FEFCF790FE77
:10732000FCF7C4FEFCF7FAFEFCF75EFFFCF794FFE7
:10733000FDF706F8FCF72EFEFDF74CF8FDF7A4F874
:10734000FDF7C0F8FDF764F8FDF780F8FDF7D8F811
:1073500001F054FFFDF704FC00F0AEFCFCF788FDE3
:1073600000F0C4FCFEE7000008B502F0B1FD00909B
:1073700000F02EF802F0C8FFFFF7D8FC084C0225F9
:10738000607808B9F9F734FF6078012803D100204C
:10739000F9F7AEFE65700521684602F0E9F8EFE7FF
:1073A0009F00002008B505480C234FF400620090B0
:1073B00003A10648FFF7FBF808BD0000DC0D002024
:1073C0006D61696E5F7461736B0000006973000822
:1073D00070B5194D0020194C687028702070F9F7AD
:1073E00053FFF9F797FDF9F79DFD9FED150A07206B
:1073F000207784ED090A012184F83010B3EE090AE0
:1074000084ED0B0A0A21218541F2080121622A78C4
:1074100005F10901895C521C2A70FFF737FD094903
:1074200000EB4000182201EBC00104F13400BDE87C
:107430007040F8F77ABF00009F00002020E800208D
:10744000000000000C010020042810B514D006DC58
:1074500001281BD0022809D0032817D109E00C28E5
:107460000DD00D280ED0142810D111E0FDF7ECF846
:1074700010E0F9F745FA09E0F9F788FB06E09FED1F
:10748000060A01E09FED050AF9F706FC002010BD91
:10749000FDF764FA012010BD0000AE420000204359
:1074A0000E491C220E4810B5F8F73FFF0D4800F1B9
:1074B000440138300EC980E80E000B4890ED020AF6
:1074C000B5EEC00AF1EE10FA03D190ED030A80ED9B
:1074D000020ABDE8104000F067B8000020EA002072
:1074E000E8E900202CEB0020080E00200C491C22AB
:1074F0000C4810B5F8F719FF0B480EC880E80E00CD
:107500000A4890ED030AB5EEC00AF1EE10FA03D175
:1075100090ED020A80ED030ABDE8104000F05AB871
:10752000E8E9002020EA002064EB0020080E00209B
:10753000884210B52CD01B4C03280BD003290ED049
:10754000042929D0022923D1042821D1BDE81040E3
:10755000FFF7CCBFE171BDE8104000F051B8114910
:107560000228C97902D004280AD00FE0042904D0E7
:1075700002290BD000F02EF808E0FFF791FF05E09C
:10758000022906D0042901D000F00EF80120E07194
:1075900010BDFFF7ABFFF9E70228F9D1BDE81040B5
:1075A000FFF77EBFB00D002000B587B01C216846F4
:1075B000F8F7E2FE05481C226946F8F7B6FE0448D3
:1075C000002141648164C16407B000BD20EA00204D
:1075D0002CEB002000B587B01C216846F8F7CCFEE4
:1075E00005481C226946F8F7A0FE04480021816383
:1075F000C163016407B000BDE8E900202CEB002066
:1076000000B587B01C216846F8F7B6FE03481C2277
:107610006946F8F78AFE07B000BD000004EA0020C2
:107620001F4810B50078012839D01E491E48FFF7C1
:107630001FFD1E491E48FFF71BFD1E491E48FFF790
:1076400017FD1E491E48FFF713FD174890ED000A6D
:107650000120BDEEC00A10EE101A00F095F8144893
:1076600090ED000A0220BDEEC00A10EE101A00F0E4
:107670008BF8114890ED000A0320BDEEC00A10EE11
:10768000101A00F081F80E4890ED000ABDE8104095
:107690000420BDEEC00A10EE101A00F075B810BD3F
:1076A000B00D0020ECE800208CE8002008E9002064
:1076B000A4E8002024E90020BCE8002040E90020E4
:1076C000D4E80020164810B5FBF750FA1548FBF730
:1076D0004DFA1548FBF74AFA11480021FBF77EFEE8
:1076E0000F480421FBF77AFE0D480821FBF776FED0
:1076F0000B480C21FBF772FE0A480821FBF76EFECF
:1077000008480C21FBF76AFE07480021FBF766FEDC
:1077100005480421FBF762FEBDE8104000F056BBAF
:107720001C0F0020B40F00200010002000B599B0FD
:1077300018216846F8F720FE124818226946F8F723
:10774000F4FD182106A8F8F717FE0E48182206A91E
:107750001830F8F7EAFD18210CA8F8F70DFE0948D3
:1077600018220CA93030F8F7E0FD182112A8F8F71C
:1077700003FE0448182212A94830F8F7D6FD19B0C4
:1077800000BD00008CE800202DE9F047254A0023C9
:10779000234F214D214CA7F1040912682E1D002909
:1077A00007F1040CA9F1040A1ADB914200DD11462D
:1077B00001280BD002280CD003280DD0042803D1B7
:1077C000C9F80030CAF80010BDE8F0872B603160BE
:1077D000FAE7A3636163F7E73B60CCF80010F3E7D7
:1077E000C2F10008414500DB4A4201280AD00228C4
:1077F0000BD003280CD00428E6D1CAF80030C9F811
:107800000020E1E733602A60DEE76363A263DBE721
:10781000CCF800303A60D7E73C040140004001401A
:107820003C080040BC0D002010B5254800212DED7E
:10783000028B9FED228A80ED008A80ED018A80ED27
:10784000028A80ED038A1F4880ED058A1E4880ED7C
:10785000058A1E4880ED058A1D4880ED058A1D4871
:10786000016241628162C16201634163FFF7B2FE5E
:10787000FFF79AFEFFF7C4FEFFF758FF15490020F7
:10788000103101EB8002401CC0B2042882ED008A56
:10789000F7D300210120FFF777FF00210220FFF737
:1078A00073FF00210320FFF76FFFBDEC028B002167
:1078B0000420BDE81040FFF767BF00000000000093
:1078C000080E00208CE80020A4E80020BCE800207E
:1078D000D4E800202CEB00202DED068B82B0FFF7C2
:1078E00063F902F0F5FA1E4E1E4C234D234F9FED17
:1078F0001E8A9FED1EAADFED1E8A9FED1E9AF6EEF0
:10790000009A00903078022801D1FFF76FFBFFF753
:10791000E3FA94EC020A30EE200A20EE290A20EE67
:10792000080A60EE0A0A80EEA80AC0EE090A95ED80
:10793000070A30EE800A85ED070A387808B1FFF7AC
:10794000C1FA0521684601F013FE00F02FF8F9F79F
:1079500041FBFFF73BF900F093F8FFF761FED1E739
:10796000B00D00202CEB002066662641DB0F49405D
:1079700000C0B2451058B93E080E0020520D00203C
:1079800008B505480A234FF48062009003A1064819
:10799000FEF70DFE08BD0000E40D00206D6F746F52
:1079A000725F7461736B0000D97800082DE9F041B3
:1079B0002D4F2DED028B3C78397A2046FFF7B8FD2C
:1079C0002A4D022C9FED2A8A3C7207D0294E032CA7
:1079D00085ED028A11D0042C2FD028E0264895EDA1
:1079E000091AD5ED080A95ED020AFFF70FFB2248A8
:1079F00090ED000AF9F7D6FD19E0F87810B1FDF71F
:107A00006FFB14E01D4C207896ED000A50B1FDF795
:107A10004BF860B100202070FFF7F2FD002000F06D
:107A2000A3FA04E0FDF7B0FB08B1FFF7E9FD85ED2F
:107A3000038ABDEC028BBDE8F0810F4895ED0B1A6F
:107A40000C30D5ED0A0A95ED030AFFF7DFFA0A4874
:107A500096ED010A0C30D0ED000ABDEC028BBDE8BA
:107A6000F04101F035B80000B00D0020080E0020F4
:107A700000000000E80D002064EB0020F00D002065
:107A800070B53D4C2078032809D0207978B194ED69
:107A9000040ABDE87040DFED390A01F01FBABDE805
:107AA0007040F7EE000AB7EE000A01F075BA667989
:107AB0003348354B354D3649364ADFED320A56B13B
:107AC00090ED000A20EE200A83ED050A85ED050AF7
:107AD00090ED010A0BE0A67976B190ED000A83EDF6
:107AE000050A85ED050A90ED010A20EE200A81EDD8
:107AF000050A82ED050A70BD90ED020A264910EED6
:107B0000100A884211D16069B7EE000A012802D03C
:107B1000022803D004E0B0EE040A01E0B1EE000A4E
:107B2000F7EE000A01F0DAF90AE0F7EE000AB7EE24
:107B3000000A01F0D3F9A078012801D10020A0703B
:107B4000607801280BD002280DD003280FD004281C
:107B5000D1D112480121BDE87040FEF79BBB0F4810
:107B600001215038F7E70D4801214038F3E70B4871
:107B700003213038EFE70000B00D0020CDCCCC3F22
:107B8000080E00209A99993FA4E800208CE8002074
:107B9000D4E80020BCE800200000484200A500080E
:107BA00030EEC00A0B49DFED0A0A01E030EE600A50
:107BB00010EE100A8842F9DC074910EE100A8842DC
:107BC00002D930EE200AF8E7044880ED030A704736
:107BD0000000B44300003443000034C3C0EA002076
:107BE00030EEC00A0A49DFED090A01E030EE600A12
:107BF00010EE100A8842F9DC064910EE100A88429D
:107C000002D930EE200AF8E7704700000000B443C4
:107C100000003443000034C330EEC00A0A49DFEDEF
:107C2000090A01E030EE600A10EE100A8842F9DC21
:107C3000064910EE100A884202D330EE200AF8E717
:107C4000704700000000B44300003443000034C318
:107C50000A48DFED090A01E030EE600A10EE101A62
:107C60008142F9DC064910EE100A884202D330EE58
:107C7000200AF8E7704700000000B44300003443D6
:107C8000000034C310B5EFF3058179B9EFF310812B
:107C900011B9EFF3118119B106490968022905D01C
:107CA000002408B101F03CFC204610BD6FF0050433
:107CB000FAE7000064000020EFF3058068B9EFF3F5
:107CC0001081094A106811B9EFF3118109B1022836
:107CD00003D028B14FF0FF3070476FF005007047B8
:107CE00001201060002070476400002010B5EFF301
:107CF000058070B9EFF310810A4A106811B9EFF3EB
:107D0000118109B1022804D0012805D04FF0FF30BD
:107D100010BD6FF0050010BD0220106001F006FDDF
:107D2000002010BD640000202DE9FF410B464FF0FC
:107D30000005EFF305810395A1BBEFF3108111B9A5
:107D4000EFF3118119B120490968022939D048B3EC
:107D5000182100244FF480764AB3176807B13C46D7
:107D6000976907B139464F1E382F02D21779FF079E
:107D700003D0002004B0BDE8F081576907B1BE0808
:107D8000D2F808C0BCF1000F0DD0D5685C2D18D317
:107D900012693AB137B18DE806103246214602F039
:107DA00058F803900DE0D7685FB912694AB903AA81
:107DB000CDE90012B2B2214602F01EF8012800D02F
:107DC00003950398D6E70000640000205848B2EEFF
:107DD000040AB1EE082A80ED000A80ED012ADFEDE9
:107DE000551AB6EE000AC0ED021A80ED030A524899
:107DF000D0ED000A4E48B8EEE01A80ED051A9FED6E
:107E00004F1AF2EE042A80ED061A1C30C0ED002A4B
:107E100080ED012AF8EEE02AC0ED021A80ED030A97
:107E2000C0ED052A80ED061A1C30F2EE042AC0EDE2
:107E3000002A80ED012AF8EEE02AC0ED021A80ED5A
:107E4000030AC0ED052A80ED061A1C30F2EE042A62
:107E5000C0ED002A80ED012AF8EEE00AC0ED021A1A
:107E600080ED030AC0ED050A80ED061A1C30DFED37
:107E7000342ADFED340AC0ED002A9FED332AC0ED2D
:107E8000010A80ED022A9FED312A80ED030A80ED80
:107E9000052A9FED2F2A80ED042A3830B7EE082AF4
:107EA00080ED002A9FED2B2AC0ED010A80ED022A09
:107EB000B7EE002A80ED032A9FED272A80ED051AF0
:107EC00080ED042A1C30C0ED001AC0ED010AF1EE6D
:107ED000001AC0ED021A80ED030A80ED051ADFEDED
:107EE0001F1A80ED042A1C30C0ED001ADFED1C1AA9
:107EF000C0ED011A80ED020A80ED030ADFED191AC8
:107F0000C0ED052AC0ED041A5438F2EE0E1AC0ED89
:107F1000001AC0ED010AF1EE040AC0ED020A80ED7C
:107F2000030A80ED051A80ED042AFFF7FFBB00006D
:107F3000ECE80020CDCC4C3FBC0D00200000FA4303
:107F40000000C842000000000000A042000096436C
:107F5000000096C36666E63F0000FAC36666663FA9
:107F60006F12833B0000C8C270B50446F9F700F8F1
:107F700008B104B100240B4D2878A04210D0052C84
:107F800042F248600BD2DFE804F007050503050064
:107F900041F28830E86002E0E860FFF745FC2C70B1
:107FA00070BD0000B00D002090ED060AD0ED020A71
:107FB0009FED341A70EE600AC0ED010AB0EEE00ADF
:107FC00010EE102A90ED030AB2F17A5F13DBF5EEA2
:107FD000C00AF1EE10FA04DDB5EEC00AF1EE10FAB7
:107FE00009D3F5EEC00AF1EE10FA07D2B5EEC00AD9
:107FF000F1EE10FA02DD80ED041A1FE090ED001A98
:10800000D1ED051AB4EEE11AF1EE10FA05DBF5EE4A
:10801000C00AF1EE10FA0CD310E0D1ED041AB4EE60
:10802000E11AF1EE10FA04D8F5EEC00AF1EE10FAFA
:1080300004DD90ED041A31EE201ADCE730EEC01AB0
:1080400091ED030AF7EE001A90ED042A21EE001AD2
:1080500031EEC00AD0ED051A00EE211A91ED000AAA
:10806000D1ED011A20EE200A01EE820AD1ED021AAA
:1080700001EE810A80ED000AC0ED030A80ED051AC9
:1080800070470000000000002DE9F041134E0F463C
:10809000044675693068001D01F004F9601C07D1C1
:1080A00037B13168BDE8F0410D48091D01F04CB908
:1080B00030682C44AC424460316805D2B068091D78
:1080C000BDE8F04101F028B97068091D01F024F9FC
:1080D000306B844200D23463BDE8F081140000208C
:1080E000C41900202DE9F041054601F039F92D4E63
:1080F0003069401C306130682B4F10B1F06930B3EB
:108100002BE035603069012827D1002404EB84007E
:1081100007EB800001F0F2F8641C382CF6D32348FA
:1081200001F0ECF82148143001F0E8F81F4828303D
:1081300001F0E4F81D483C3001F0E0F81B485030F5
:1081400001F0DCF8194870601430B06005E0306868
:10815000E96AC06A884200D83560F06A401CF06263
:108160006864E86AB169884200D9B06100EB8000B8
:10817000291D07EB800001F0E7F801F015F9F0691F
:1081800000280CD03068E96AC06A884207D20849E2
:108190004FF080500860BFF34F8FBFF36F8FBDE883
:1081A000F081000014000020141500207419002034
:1081B00004ED00E038B501F0D3F8104CA068C8B960
:1081C0000F4801F09BF80E48143001F097F80C4866
:1081D00010210B4B20601430283360600020009089
:1081E0000A2003F1500201F085FBA06010B105A147
:1081F00001F062F9BDE8384001F0D6B85000002027
:10820000D8190020546D72510000000030B4026C87
:108210000B46002A0BD0C1681144C1608468A1429A
:1082200001D30168C160184630BCF8F77EB830BC95
:1082300070472DE9F041856B002617460446026C15
:1082400082B1C7B1E068F8F770F8E168206C091AEC
:10825000E1602268914202D2A168081AE060022F10
:1082600016D017E02068A8B9A06801F09DFE064668
:108270000020A0600EE06068F8F757F8216C606895
:1082800008446060A168884204D32068606001E00F
:1082900005B16D1E6D1CA5633046BDE8F08110B5BB
:1082A000044690F8590068B101280ED0022811D078
:1082B000502072B680F31188BFF34F8FBFF36F8FDA
:1082C00062B6FEE7206B01F085F82046BDE810405D
:1082D00001F080B810BD000010484FF44041420743
:1082E00006D00E49C01D20F00700411AC1F54041DB
:1082F0000B4A002301440839C2E90003103A21F077
:10830000070111604B600B600B1AC0E9001393600A
:108310004FF000405360D06070470000A827002055
:1083200078000020134E4FF08058134DDFF84C902A
:10833000A6F29C4711E001F013F8F068C468201D14
:1083400000F0B0FF2869401E2861E868401EE86020
:1083500001F02AF82046FFF7A2FFE8680028EAD1DA
:1083600038680128F9D9C9F80080BFF34F8FBFF3EF
:108370006F8FF2E7B01900201400002004ED00E038
:1083800070B51D46049C49B12260C4E90F0101216A
:10839000204601F0EBFA84F84C5070BD2460F4E7FD
:1083A0002DE9F05F0E469A4691001746DDE90B94E1
:1083B0000A9DA5228346206BF7F7D7FF206B6FF04D
:1083C000030101EB8701084420F00707780709D073
:1083D000502072B680F31188BFF34F8FBFF36F8FB9
:1083E00062B6FEE74FF0000866B100202218315C4B
:1083F00082F83410315C11B1401C1028F6D384F897
:10840000438001E084F83480382D00D33725E562BD
:10841000201DC4E9135800F07CFF04F1180000F09F
:1084200078FF2461C5F138006462A061C4F854800B
:1084300084F8588052465946384600F06BFAB9F134
:10844000000F206001D0C9F80040BDE8F09F000097
:1084500030B5114900E011460A688242FBD34B68EF
:108460005C18844203D14068184448600846436859
:108470001C18944209D1084C103C2468A24209D02F
:1084800052681A4442600A6812680260814200D051
:10849000086030BD0460F9E77800002070B50C4D2D
:1084A000002441609142006106D8D11A826991424C
:1084B00006D2011D686807E09A4203D2994201D3AF
:1084C000012403E0011D286800F026FF204670BD4E
:1084D0005000002010B5044600F042FFA06B20B110
:1084E000002400F061FF204610BD0124F9E70000E0
:1084F00030B53E4D87B06FE00198002806DADDE91F
:108500000301029A90470198002865DB039C60698B
:1085100010B1201D00F0C6FE05A800F0DBF80246F1
:1085200001980A2858D2DFE800F00505052F324BE4
:1085300005052F3294F8280040F0010084F8280047
:108540000298A169034601442046FFF7A7FF60B3E4
:10855000216A2046884794F8280040073CD500202F
:10856000009002980023A16942181946204601F0A4
:108570002BFED0B9502072B680F31188BFF34F8F15
:10858000BFF36F8F62B6FEE794F8280020E094F8FE
:10859000280040F0010084F828000298A06128B16A
:1085A000811813462046FFF779FF15E0502072B678
:1085B00080F31188BFF34F8FBFF36F8F62B6FEE772
:1085C00094F82800810703D4204600F003FF03E05D
:1085D00020F0010084F82800A868002201A901F019
:1085E0002BFB002888D107B030BD000050000020D0
:1085F0002DE9FC410F46054601F0DEF801A800F028
:1086000069F80446019818B101F04AFDBDE8FC8103
:10861000264EAFB170680068E0B30027B068291B30
:108620003A4600F05BFF01F03BFD0028EED1204907
:108630004FF080500860BFF34F8FBFF36F8FE5E7B7
:10864000A542EBD801F02CFD30682746C068C4680D
:10865000201D00F027FE94F8280041071BD5A069D3
:108660002B463A4641192046FFF718FFB8B10020C3
:108670002A46034601460090204601F0A5FD70B948
:10868000502072B680F31188BFF34F8FBFF36F8F06
:1086900062B6FEE707E020F0010084F82800216AB6
:1086A00020468847B2E70127B8E7000050000020C5
:1086B00004ED00E006484168096829B14168C968CD
:1086C000C9684968016370474FF0FF31FAE700005D
:1086D0001400002070B5054601F0FAFB064E044672
:1086E0003069844203D200F009F8012000E0002044
:1086F00028602046346170BD50000020F8B51A4E45
:1087000020E0C068C4680568201D00F0CBFD216A28
:108710002046884794F82800400713D5A0692844CC
:10872000A84206D92461211D6060306800F0F4FD84
:1087300008E000202A46034601460090204601F04A
:1087400043FD38B1306801680029DAD17168C6E9A3
:108750000010F8BD502072B680F31188BFF34F8F20
:10876000BFF36F8F62B6FEE7500000200A484068F2
:10877000401C4FF0500072B680F3118805D0BFF353
:108780004F8FBFF36F8F62B6FEE7BFF34F8FBFF31C
:108790006F8F62B6FEE7000080000020084C206862
:1087A000016839B1002139B10020FFF721FFFFF73F
:1087B0009FFEF4E70121F6E7C0680068F5E70000D6
:1087C000500000202DE9F041044600F0C9FD94F965
:1087D000455004F1240609E0606A48B1304601F0D2
:1087E00025FC08B100F064FF6D1E6DB2002DF3DCB6
:1087F0004FF0FF3684F8456000F0D6FD00F0B0FD84
:1088000094F9445004F1100709E0206948B1384652
:1088100001F00CFC08B100F04BFF6D1E6DB2002D95
:10882000F3DC84F84460BDE8F04100F0BDBD000019
:108830002DE9F0410026054600F0BEFF344F3868B0
:1088400008B9FFF749FDF86805424FD1E5B308358F
:10885000680710D005F00700C0F10800054468075C
:1088600009D0502072B680F31188BFF34F8FBFF349
:108870006F8F62B6FEE73DB37868854236D82449EB
:1088800010310846046801E0214604466068A842A9
:1088900002D220680028F7D13868844226D00E68BA
:1088A0002068086008366068411B102911D96019DA
:1088B00042070AD0502072B680F31188BFF34F8F61
:1088C000BFF36F8F62B6FEE710E041606560FFF7AF
:1088D000BFFD61687868401A7860BA68904200D23B
:1088E000B860F86801430020C4E9000101F0D8FB3A
:1088F000700709D0502072B680F31188BFF34F8FF4
:10890000BFF36F8F62B6FEE73046BDE8F08100002E
:1089100068000020031F10B54FF080741C601B1FFF
:1089200021F001011960191F044B0B6014390A6012
:10893000091F44386FF002020A6010BD6D870008FD
:108940002DE9F0414FF4804533484FF6FF74294636
:10895000F9F788F9314E84EAC034A9113046F9F7A5
:1089600081F984EA803430468021F9F77BF984EA82
:10897000403430464021F9F775F984EA0034304636
:108980002021F9F76FF984EAC02430461021F9F765
:1089900069F9234F84EA802480213846F9F762F987
:1089A000204E84EA402469003046F9F75BF984EAF6
:1089B000002438462021F9F755F984EAC0143846D6
:1089C0001021F9F74FF984EA801438460821F9F7A5
:1089D00049F984EA401438460221F9F743F984EA58
:1089E000001438460121F9F73DF984EAC004304605
:1089F0000821F9F737F984EA800430460421F9F7B1
:108A000031F984EA400429463046F9F72BF96040F1
:108A1000C04380B2BDE8F081001002400004024073
:108A2000000C024000080240054890ED010A05488C
:108A3000D0ED000A30EE600AB0EEC00A70470000C8
:108A4000C0EA00205C0D002002480078C0F38000DE
:108A50007047000020E800200248017801F0FB0187
:108A60000170704720E800200548017F072903D1E5
:108A700090F83400062801D000207047012070478C
:108A800020E8002010EE100A0749884207DB10EEAC
:108A9000900A884203DB0548006AC00201D5002025
:108AA00070470120704700000000204120E80020AE
:108AB0000248002101704170817070479C000020C5
:108AC0000248017841F004010170704720E800205D
:108AD00010B5B0EE401A2DED028BB0EE608AFEF7B5
:108AE000B3F9F0EE410AFFF797F81648174980ED01
:108AF000020A9FED150A80ED060AFFF755FA60EEAF
:108B0000080AB3EE041A134C80EE810A9FED101A86
:108B1000F0EEC80A60EE810A94ED051AB4EEE01A90
:108B2000F1EE10FA01DCD4ED050AFDF731FD78EE27
:108B3000000A38EE400AC4ED000A84ED010ABDECDB
:108B4000028B10BD20EA002000000000B0E90020E8
:108B50009A99193F080E00202DE9F04F00249946FC
:108B6000A1EB020B2546DDF824A0A4462646A0462C
:108B7000D3B242E00288DA40D2073CD0E2186D1C42
:108B8000D4B20288EDB25F1CFA4034D100EE104A34
:108B90004F1EF8EE400A00EE105AB8EE400A80EE82
:108BA000801ABCEEC10A10EE102AD4B207EBD772BD
:108BB000521000EE102AF8EEC00A00EE104AB8EE8D
:108BC000400A30EE600AF0EEC00A00EE102AB8EE5D
:108BD000C01A00EE10CAB8EE400A30EE410AB0EEFC
:108BE000C00AF4EEC00AF1EE10FA04D2A4461E4602
:108BF0000024A84625465B1CDBB29B45BADCA6EBED
:108C00000802134D521CD2B21DE09AF800400388AE
:108C1000D34003F0010323448AF80030038899ED20
:108C2000000AD34003F0010300EE903A8B1A521C65
:108C300005EB8303F8EE600A13ED011AD2B200EEE1
:108C4000810A89ED000AB242DFD9BDE8F08F000049
:108C5000D4EA0020F0B58F1AD4B2059D2BE0068827
:108C6000A1EB040CACF1010295F800E0D64006F04F
:108C7000010676442E700688D64006F0010600EE06
:108C8000106A0E4E06EB8406F8EE400A96ED001AC6
:108C900093ED000A00EE810A83ED000A0688D640B3
:108CA000F20706D00288ACF1020C22FA0CF2D207CD
:108CB00003D0641CE4B2A742D1DCF0BDD4EA0020AA
:108CC0009FED3D3AF0B500243C4FB0EE430A2546F7
:108CD0002346F0EE400A22463CE014B1012C16D0A7
:108CE0002AE00688D64006F0010602EE106A8E1AC7
:108CF00007EB8606B8EE422A56ED012A068802EEF8
:108D0000220AD64006F001063544EDB214E006888A
:108D1000D64006F0010602EE106A8E1A07EB8606B0
:108D2000B8EE422A56ED012A068842EE220AD640C3
:108D300006F001063344DBB20688D640F60707D0BA
:108D4000068802F1010C26FA0CF6F60700D1012480
:108D5000521CD2B28A42C0D3B5EEC00AF1EE10FA6C
:108D600008D0F0EE401A00EE105AB8EE400A81EE3C
:108D7000801A01E0B0EE431A5BB100EE103AB8EE93
:108D8000400AC0EE801A007A062805D3B0EE430AE6
:108D9000F0BDF0EE431AF6E7B0EEE10AF0EEC10ADC
:108DA000B4EEE00AF1EE10FA03DC13B1B0EE610AA2
:108DB000F0BDB0EE410AF0BD00000000D4EA002092
:108DC000F0B58C1A059D25E02F780688E64006F060
:108DD00001063E442E70068893ED000A104FE640CF
:108DE00006F0010600EE906A0E1B07EB8606F8EE11
:108DF000600A16ED011A00EE810A83ED000A06886A
:108E0000E640F60706D0944208D00688671EFE406A
:108E1000F60703D0641E64B29442D5DAF0BD0000B8
:108E2000D4EA002000B587B014216846F7F7A4FA09
:108E30002048016841F002010160016801F002016F
:108E40000591016841F004010160016801F004012D
:108E50000591016841F008010160016801F0080115
:108E60000591016841F0100101600068694600F059
:108E7000100005900020019002904FF48040009077
:108E80000D48F8F7F9FD4FF4F87000900B4869466B
:108E9000F8F7F2FD4CF20C00009009486946F8F72B
:108EA000EBFDBB20009007486946F8F7E5FD07B0E9
:108EB00000BD0000303802400010024000040240B3
:108EC00000080240000C0240024940220248F7F725
:108ED0002CBA000070A40008D4EA002010B528487D
:108EE0002DED048B90ED001A21EE000A90ED011A91
:108EF00021EE209A90ED081AF6EE000AB5EEC01A9F
:108F0000F1EE10FA04DD90ED081A21EE208A01E05E
:108F1000B1EE088A90ED091AB5EEC01AF1EE10FA1A
:108F200004DD90ED091A61EE208A01E0F1EE048A79
:108F30001448B0EE681AF0EE480AFEF767F81148D8
:108F4000B0EE681A0C30F0EE480AB0EE490AFEF7AF
:108F50005DF80C4890ED000A0B4880ED050A0B48BF
:108F600080ED050A07480C3090ED000A084880EDB6
:108F7000050A084880ED050ABDEC048B10BD000011
:108F8000080E00204CEB00208CE80020A4E8002014
:108F9000BCE80020D4E800201048002190ED001A21
:108FA00021EE000A90ED011A0D4861EE200A80EDD5
:108FB000080A80ED090A8162C0ED0B0AC0ED0C0AB7
:108FC0004163084880ED050A074880ED050A074817
:108FD000C0ED050A0648C0ED050A7047080E0020DE
:108FE0002CEB00208CE80020A4E80020BCE8002046
:108FF000D4E8002070B50024054602202DED068B34
:10900000F0EE40AAB0EE41AAB0EE609AB0EE628AED
:10901000F0EE429AF0EE618A9FED261AF0EE6A0AAF
:10902000F7F7ACFFB0EE6A0AF8F774F8224E96ED47
:10903000020A2DB1E4B1012C25D0022C33D12DE050
:1090400024B1012C08D0022C2DD10BE0B4EEC90ABA
:10905000F1EE10FA11DA26E0B4EEE80AF1EE10FAB9
:1090600016DA20E0B4EEC80AF1EE10FA1FD91AE0C1
:10907000B4EEC90AF1EE10FA15D8B0EE4A0AF8F7C4
:1090800049F801240FE0B4EEE80AF1EE10FA0AD82C
:10909000B0EE690AF8F73EF8022404E0B4EEC80A1C
:1090A000F1EE10FA03DA052000F03AFABFE7BDEC62
:1090B000068B70BD00000000C0EA002010B52249F8
:1090C00022482DED028BB0EE608AF0EE408AFEF76A
:1090D0006BFF1E48F0EEC00A1D4990ED021A10EE1B
:1090E000900A884222DAF0EEC10AF4EEC80AF1EEE4
:1090F00010FA1BD9B5EEC00AF1EE040AF1EE10FA2F
:1091000002DD30EE200A11E0B5EEC00AF1EE10FAF1
:1091100002D230EE600A09E0B5EEC01AF1EE10FAA4
:1091200002D2B1EE040A01E0B9EE040A094CD4ED12
:10913000040AFDF72DFA84ED000A20EE680A84ED9A
:10914000010ABDEC028B10BD94E9002004EA002066
:109150000000A040080E002007489FED060A80EDA1
:10916000010A80ED000A054880ED040A80ED000A3E
:109170007047000000000000080E002004EA0020F4
:1091800010B5B0EE401A04462DED028BFDF75CFEE3
:10919000164A9FED158A01E031EE481A11EE101AB9
:1091A0009142F9DC124811EE101A814202D331EEDD
:1091B000081AF8E7F0EE410AFEF72EFD0D4880EDA3
:1091C000020A44B1B5EEC00AF1EE10FA03DD30EE4A
:1091D000480A80ED020A9FED080A80ED060A90ED2C
:1091E000020ABDEC028B10BD0000B4430000344302
:1091F000000034C304EA00200000000070B52DED2B
:10920000048BFDF74FFDFFF70DFEFFF75DFEF8F74E
:10921000A3F8FDF71BFFFEF755FA4FF4FA70FDF7C0
:109220006DFD9FED1A8A1A4D0024B0EE489AF0EEBB
:10923000488A0520FDF762FD95ED000A641CE4B242
:1092400030EE099A95ED020A0A2C70EE288A95ED07
:10925000010A30EE088AECD3F2EE040A0D4889EEDA
:10926000200A88EEA01A80ED000A0B4880ED001A53
:1092700088EE201A094880ED001A0948D0ED090A45
:10928000BDEC048BBDE87040FEF78ABC0000000016
:10929000C0EA0020580D0020540D00205C0D002075
:1092A00020E80020D0E9013201699A60D0E9012369
:1092B0005A604A68824201D182684A600022026193
:1092C0000868401E0860086870470000044B03608F
:1092D00003F15C0008604FF480701060704700007C
:1092E000F01A0020044B036003F15C0008604FF4A7
:1092F00000701060704700004C1F00204FF0FF32DC
:1093000000F10801C0E90112C160016100210160A2
:10931000704700210161704730B50C68621C02D0B3
:1093200000F1080202E0026904E01A4653681D6871
:10933000A542FAD953684B6099608A605160086110
:109340000168491C016030BD42684A6093688B60C7
:1093500093685960916008610168491C0160704719
:10936000502072B680F31188BFF34F8FBFF36F8F19
:109370000B4962B64868401C486001280ED1094874
:10938000006810F0FF0F09D0502072B680F31188EA
:10939000BFF34F8FBFF36F8F62B6FEE770470000D9
:1093A0008000002004ED00E00949486828B1401E13
:1093B000486001D180F311887047502072B680F365
:1093C0001188BFF34F8FBFF36F8F62B6FEE70000C7
:1093D0008000002070B500282BD0164DA0F10804A5
:1093E0006068E968084209D1502072B680F311889C
:1093F000BFF34F8FBFF36F8F62B6FEE722684AB1AB
:10940000502072B680F31188BFF34F8FBFF36F8F78
:1094100062B6FEE78843606000F0CEF96068696874
:10942000084468602046FFF713F8BDE8704000F07C
:1094300037BE70BD680000204FF0E02000210161C0
:1094400081614FF47A7204490968B1FBF2F1491E57
:1094500041610721016170471000002010B5F6F747
:109460001DFF1349102810D300F1E02090F8F003FD
:109470000A78904209D2502072B680F31188BFF367
:109480004F8FBFF36F8F62B6FEE70A4800688968A6
:1094900000F4E060884209D9502072B680F3118848
:1094A000BFF34F8FBFF36F8F62B6FEE710BD0000B2
:1094B000800000200CED00E0074B002210B553F8AF
:1094C00032401CB1521C082AF9D310BD43F83210A7
:1094D00003EBC201486010BDD414002070B51546DE
:1094E0000E460446FFF73CFF94F944100020491C47
:1094F00001D184F8440094F94510491C01D184F845
:109500004500FFF751FFA06B28B904F124002A465B
:10951000314600F0EDF82046BDE87040FFF752B943
:10952000020010B516D01048806B48B1502072B6BA
:1095300080F31188BFF34F8FBFF36F8F62B6FEE7E2
:1095400000F03AF900211046FEF79EFD00F0A8FD5C
:10955000002807D105494FF080500860BFF34F8FB6
:10956000BFF36F8F10BD00001400002004ED00E079
:1095700070B505000E464FF000030DD0B6B1214A7C
:10958000906BE8B1502072B680F31188BFF34F8F13
:10959000BFF36F8F62B6FEE7502072B680F311887A
:1095A000BFF34F8FBFF36F8F62B6FEE7502072B6E6
:1095B00080F31188BFF34F8FBFF36F8F62B6FEE762
:1095C00000F0FAF852692C68A119944202D98C4231
:1095D00002D804E08C4201D8914200D901232960CD
:1095E0001BB1881A0021FEF74FFD00F059FD00283D
:1095F00007D105494FF080500860BFF34F8FBFF38C
:109600006F8F70BD1400002004ED00E070B50446BB
:10961000FFF7A6FE1F4D04B92C68201DFFF742FE80
:10962000A06A18B104F11800FFF73CFEE86A401C7C
:10963000E8622868844207D11748211DFFF784FE9D
:10964000E868401CE86007E02869401E2861204661
:10965000FEF725FEFFF72EF8FFF7A6FEE8690028C3
:1096600016D02868844213D1A86B48B1502072B636
:1096700080F31188BFF34F8FBFF36F8F62B6FEE7A1
:1096800006494FF080500860BFF34F8FBFF36F8FD4
:1096900070BD000014000020B019002004ED00E0AF
:1096A00002498A6A026049694160704714000020DB
:1096B00001490120486270471400002010B50C4693
:1096C00050B10A4909681831FFF726FE2046BDE867
:1096D00010400121FEF7D8BC502072B680F31188EB
:1096E000BFF34F8FBFF36F8F62B6FEE71400002009
:1096F00070B514460D4668B10B4909681831FFF77B
:1097000023FE0CB14FF0FF3521462846BDE87040DE
:10971000FEF7BABC502072B680F31188BFF34F8FAA
:10972000BFF36F8F62B6FEE71400002030B587B03C
:10973000002505AA04A9039503A80495FFF7C6FD13
:10974000DDE9030100950023CDE90110184816A1B9
:10975000059A00F07EFB174C606318B100F002FD23
:1097600001280BD0401C1DD1502072B680F3118807
:10977000BFF34F8FBFF36F8F62B6FEE7502072B614
:1097800080F31188BFF34F8FBFF36F8F62B64FF036
:10979000FF3020630120E061656107B0BDE8304023
:1097A00000F046B807B030BD49444C450000000009
:1097B00025830008140000200248816B491C816346
:1097C0007047000014000020174B10B5986B10B1C3
:1097D0000120586210BD002058629869134901E0C9
:1097E000B8B1401E00EB800251F82220002AF7D0C9
:1097F00000EB800201EB820101F108044A68526823
:109800004A60A24201D152684A60D16819609861E9
:1098100010BD502072B680F31188BFF34F8FBFF395
:109820006F8F62B6FEE700001400002014150020C0
:109830002C491CB508780190FF20087008788DF835
:1098400000009DF800009DF8002000F0F00090421C
:1098500009D0502072B680F31188BFF34F8FBFF349
:109860006F8F62B6FEE79DF800001F4B00F05000BE
:1098700018700720986006E0401E98609DF8000070
:1098800040008DF800009DF8000000069868F3D4B1
:10989000032809D0502072B680F31188BFF34F8F90
:1098A000BFF36F8F62B6FEE74FF440709860019887
:1098B00008700E48016841F470010160016841F0D0
:1098C00070410160FFF7B8FD00205860F6F7ACFC6E
:1098D0000748016841F040410160F6F791FC002023
:1098E0001CBD000000E400E08000002020ED00E04E
:1098F00034EF00E038B5049D18B163B1FAB1A1B1FD
:1099000028E0502072B680F31188BFF34F8FBFF369
:109910006F8F62B6FEE7502072B680F31188BFF3F6
:109920004F8FBFF36F8F62B6FEE7502072B680F3A1
:109930001188BFF34F8FBFF36F8F62B6FEE749B157
:10994000502072B680F31188BFF34F8FBFF36F8F33
:1099500062B6FEE750241C46012384F846302B46AD
:109960000094FEF70DFD204638BD000070B50400E0
:109970000D4625D0FFF7F4FCD4E90F20216802FB47
:109980000011A1600021A163216861600A46D4E949
:109990000F01401E00FB0121E1604FF0FF3084F811
:1099A000440084F8450004F110009DB1FFF7A6FCC7
:1099B00004F12400FFF7A2FCFFF7F6FC012070BDC4
:1099C000502072B680F31188BFF34F8FBFF36F8FB3
:1099D00062B6FEE721690029EED000F027FB0028DF
:1099E000EAD004494FF080500860BFF34F8FBFF3B7
:1099F0006F8FE1E704ED00E02DE9FF4F04001F4603
:109A000083B08B464FF0000603D0BBF1000F0AD0A5
:109A100015E0502072B680F31188BFF34F8FBFF36B
:109A20006F8F62B6FEE7206C48B1502072B680F3AB
:109A30001188BFF34F8FBFF36F8F62B6FEE7022F1F
:109A40000CD1E06B012809D0502072B680F3118848
:109A5000BFF34F8FBFF36F8F62B6FEE700F02AFAB5
:109A6000DFF804914FF080584FF0000A58B905987C
:109A700048B1502072B680F31188BFF34F8FBFF307
:109A80006F8F62B6FEE7FFF76BFCA06BE16B88425D
:109A900005D3022F03D00598C8B1DEB11EE03A46C7
:109AA00059462046FEF7C5FB616A19B104F124004E
:109AB00000F0BCFA28B1C9F80080BFF34F8FBFF3A4
:109AC0006F8FFFF771FC012007B0BDE8F08FFFF743
:109AD0006BFC21E06846FFF7E3FD0126FFF764FC1D
:109AE000FFF76AFEFFF73CFC94F94400401C01D1EB
:109AF00084F844A094F94500401C01D184F845A0A5
:109B0000FFF752FC05A9684600F038F930B120464D
:109B1000FEF758FE00F0C4FA0020D5E7FFF720FC5E
:109B2000A06BE16B884201D1012500E00025FFF721
:109B30003BFC95B1059904F11000FFF7BFFD2046ED
:109B4000FEF740FE00F0ACFA00289CD1C9F8008076
:109B5000BFF34F8FBFF36F8F95E72046FEF732FEBE
:109B600000F09EFA8FE7000004ED00E02DE9F047D9
:109B700004001F469046894603D0B9F1000F0AD071
:109B800015E0502072B680F31188BFF34F8FBFF3FA
:109B90006F8F62B6FEE7206C48B1502072B680F33A
:109BA0001188BFF34F8FBFF36F8F62B6FEE7022FAE
:109BB0000CD1E06B012809D0502072B680F31188D7
:109BC000BFF34F8FBFF36F8F62B6FEE7FFF746FC20
:109BD0005020EFF3118672B680F31188BFF34F8FD8
:109BE000BFF36F8F62B6A06BE16B884206D3022F82
:109BF00004D0002086F31188BDE8F08794F9455021
:109C00003A4649462046FEF714FB681C04D06D1CFA
:109C100084F845500120EDE7606A0028FAD004F18D
:109C2000240000F003FA0028F4D0B8F1000FF1D0BE
:109C30000121C8F80010EDE72DE9F74704008A4636
:109C400083B04FF0000603D0BAF1000F0AD015E040
:109C5000502072B680F31188BFF34F8FBFF36F8F20
:109C600062B6FEE7206C48B1502072B680F31188CE
:109C7000BFF34F8FBFF36F8F62B6FEE700F01AF9A4
:109C8000DFF8F49000274FF0805858B9059848B194
:109C9000502072B680F31188BFF34F8FBFF36F8FE0
:109CA00062B6FEE7FFF75CFBA56BC5B151462046E7
:109CB000FEF7ACFA6D1EA563206950B104F11000E7
:109CC00000F0B4F928B1C9F80080BFF34F8FBFF39B
:109CD0006F8FFFF769FB012006B0BDE8F08705989C
:109CE00008B11EB106E0FFF75FFB27E06846FFF70B
:109CF000D7FC0126FFF758FBFFF75EFDFFF730FBAF
:109D000094F94400401C01D184F8447094F9450052
:109D1000401C01D184F84570FFF746FB05A9684651
:109D200000F02CF8002820460AD0FEF74BFD00F08A
:109D3000B7F92046FEF7CEFB0028B3D00020CBE7D2
:109D4000FEF7C8FB90B1059904F12400FFF7B6FCBB
:109D50002046FEF737FD00F0A3F90028A2D1C9F88C
:109D60000080BFF34F8FBFF36F8F9BE72046FEF756
:109D700029FD00F095F995E704ED00E02DE9F041AB
:109D800005000C4611D0D4B1FFF7EAFA194E7169FB
:109D90006B682268C81A571C1BD02F68B66AB74276
:109DA0001DD08B421BD8012414E0502072B680F3E2
:109DB0001188BFF34F8FBFF36F8F62B6FEE750205D
:109DC00072B680F31188BFF34F8FBFF36F8F62B607
:109DD000FEE70024FFF7E8FA2046BDE8F081824262
:109DE00005D9101A20602846FFF75AFCF1E7002039
:109DF0002060D8E7140000202DE9FF5F9946164641
:109E00008A4683469000DDE90E87FEF711FD0500C6
:109E10001CD05C20FEF70CFD040014D0002025634C
:109E200084F859004B46CDE90087CDE9024032461F
:109E300051465846FEF7B4FA2046FEF753F9012082
:109E400004B0BDE8F09F2846FFF7C4FA4FF0FF309A
:109E5000F6E7F0B585B00546DDE90B040A9EA8B12A
:109E6000F4B15C2700972063022084F85900002099
:109E700004AFCDE90240CDE900672846FEF790FA2D
:109E80002046FEF72FF9049805B0F0BD502072B6B9
:109E900080F31188BFF34F8FBFF36F8F62B6FEE779
:109EA000502072B680F31188BFF34F8FBFF36F8FCE
:109EB00062B6FEE70548C16919B1806B18B1002090
:109EC00070470120704702207047000014000020F6
:109ED0000148406970470000140000202DE9F0415E
:109EE0002F4F0026B86B40B1386A401C3862786A40
:109EF00000B101263046BDE8F0817D696D1C7D61B1
:109F000015D17868006848B1502072B680F3118886
:109F1000BFF34F8FBFF36F8F62B6FEE77868B96803
:109F20007960B860B86A401CB862FEF7C3FB386B52
:109F3000DFF87080854209D37868006880B178685E
:109F4000C068C468606885420DD238633868C06AEA
:109F500000EB800158F821000128C8D90126C6E786
:109F60004FF0FF30F1E7201DFFF79CF9A06A18B110
:109F700004F11800FFF796F9E06AB969884200D940
:109F8000B86100EB800108EB8100211DFFF7DCF9CF
:109F9000E06A3968C96A8842CED30126CCE700005E
:109FA000140000201415002070B504004FF00000CC
:109FB0002DD01C4D29688C4209D0502072B680F3F8
:109FC0001188BFF34F8FBFF36F8F62B6FEE7216D2D
:109FD000F1B1491E2165E36CE26A9A4217D000296B
:109FE00015D1201DFFF75EF9E06CE062C0F138008A
:109FF000A061E06AA969884200D9A86100EB8000ED
:10A00000094901EB8000211DFFF79EF9012070BD79
:10A01000502072B680F31188BFF34F8FBFF36F8F5C
:10A0200062B6FEE7140000201415002070B5C06869
:10A03000C46854B104F118000646FFF733F9154D12
:10A04000A86B60B11448314617E0502072B680F317
:10A050001188BFF34F8FBFF36F8F62B6FEE7201DED
:10A06000FFF720F9E06AA969884200D9A86100EBEE
:10A0700080000A4901EB8000211DFFF765F9E06AC5
:10A080002968C96A884202D90120686270BD00202F
:10A0900070BD0000140000209C1900201415002041
:10A0A0002DE9F0472C4D00242746A86B38B1FFF767
:10A0B00057F9A86B401EA863A86B50B147E0502029
:10A0C00072B680F31188BFF34F8FBFF36F8F62B604
:10A0D000FEE7286901262149C8B3A1F591698846A0
:10A0E000D8F80010E1B1D8F80C00C46804F11800E9
:10A0F000FFF7D8F8201DFFF7D5F8E06AA969884274
:10A1000000D9A86100EB800109EB8100211DFFF758
:10A110001BF9E06A2968C96A8842E1D36E62DFE709
:10A120000CB1FEF7C7FA2C6A3CB1FFF7D7FE00B1BD
:10A130006E62641EF9D100202862686A38B108494D
:10A14000012738070860BFF34F8FBFF36F8FFFF70A
:10A150002BF93846BDE8F087140000209C19002038
:10A1600004ED00E010B586B0FEF724F8124CA068AC
:10A17000B8B10020039005AA049004A903A8FFF732
:10A18000B1F8DDE90321022000238DE807000D4826
:10A190000AA1059AFFF75DFEE06010B106B001204C
:10A1A00010BD502072B680F31188BFF34F8FBFF3FC
:10A1B0006F8F62B6FEE7000050000020546D7220E1
:10A1C000537663009D8700082DE9FF411F46030079
:10A1D0004FF000000A9E15D0144DAC68002C0ED034
:10A1E0008DE80E00062919DAFFF764FE02284FF009
:10A1F000000311D00022A8686946FFF7FDFB04B0F8
:10A20000BDE8F081502072B680F31188BFF34F8F04
:10A21000BFF36F8F62B6FEE73246ECE700233A46A3
:10A2200069462046FFF7A2FCE9E700005000002045
:10A23000094900209FED090AC8750876487681ED26
:10A24000070A81ED080A01EB8002401CC0B2142805
:10A2500082ED090AF7D37047A8E70020000000004C
:10A2600010B5264C2DED028BA07D002840D024484F
:10A2700090ED008AE07D78B194ED070A38EE400A4F
:10A28000FDF7E6FC84ED078A607EB0EEC00A142874
:10A2900007D2401C60760FE084ED078A0120E0754C
:10A2A00029E0207ED4ED080A04EB800090ED091A25
:10A2B00070EEC10AC4ED080A207E04EB800080ED38
:10A2C000090AD4ED080A30EE800A84ED080A207EDF
:10A2D000401CC0B22076142801D30020207610EE56
:10A2E000100A0849884206DD0320F6F723FE012004
:10A2F000BDEC028B10BD0020FAE70000A8E70020AB
:10A30000C0EA00200000B44370B500202DED028BA0
:10A31000F6F7EEFE3E4E01203E499FED3C0A86EDEB
:10A32000000A86ED010A08706420FFF7F9F83A4C3C
:10A330004FF4807502E00520FFF7F2F82946204629
:10A34000F7F790FC0028F6D102E00520FFF7E8F8C7
:10A3500029462046F7F786FC0028F6D02F48304DD6
:10A36000D0ED090A95ED000AFDF71AFCFCF76CFD2B
:10A37000FBF7FCFF2B48F6EE008A80ED010AC6EDE4
:10A380000A8AB2EE080A042086ED030AF6F7B0FE48
:10A39000254CB1EE048A02E00520FFF7C1F8D4EDA8
:10A3A000000A95ED020A70EEC80AB4EEE00AF1EE7A
:10A3B00010FAF1DCFCF7BAFC0320FCF733FFC6ED22
:10A3C000088AB3EE040AF6F7A5FE0220F6F790FE1F
:10A3D00002E00520FFF7A4F8D4ED000A95ED020A8B
:10A3E00070EEC80AB4EEE00AF1EE10FAF1D3FCF711
:10A3F0009DFC0320FCF716FFC6ED088AB3EE040AA5
:10A40000BDEC028BBDE87040F6F784BE0000000092
:10A41000080E0020520D0020000C024020E8002011
:10A42000C0EA0020E80D0020540D002010A500080F
:10A43000000000000000000000000000000000001C
:10A4400000040000180000000000000000000000F0
:10A4500000061016000610160000000000000000A4
:10A4600001020304060708090000000001020304BA
:10A47000000040409A9919406666E63F6666A63F2E
:10A480006666663F9A99193FCDCCCC3ECDCC4C3E0A
:10A49000CDCC4CBECDCCCCBE9A9919BF666666BFFA
:10A4A0006666A6BF6666E6BF9A9919C0000040C0FE
:10A4B0000000B4420000DC4200003041000088414E
:10A4C00000003E4300005243000080400000B041C5
:10A4D00000002042000070420000B04100008041B6
:10A4E0000000B4420000DC4200003041000088411E
:10A4F00000003E4300005243000080400000B04195
:10A500000000914300009B439A9919400000D041FC
:10A5100064656661756C745461736B003CA50008DA
:10A5200000000020380E0000A008000868AA0008FB
:10A53000380E002090E10000AC5900081200011212
:10A5400001045310000100046E24F4000112AA015A
:10A55000011E24000D560603020102040B0C0D0E11
:10A560000DFF88120A8C364A0530042043B49A271E
:10A5700034421C26022032081033431EB25404F029
:10A5800041013833001006620018212C22044D26A8
:10A590000856720E302114220365420948321948C8
:10A5A00023C8411412066A5230605221186178475C
:10A5B0000A32009205788190340420C20F4232A002
:10A5C00018220B7722289590040C43063021602333
:10A5D0000812A6900416C31E60313051A0922B18A9
:10A5E0006205DC11186130120C2C63070031500435
:10A5F00034430A786214D84A113F41C072A0D86926
:10A60000599219A8160D683248909404344264682F
:10A61000258032043094043443CD8069A4118866C7
:10A62000C19866074B41C162003025AC2618B43191
:10A63000483004B4425A7E10040C420EFE62139459
:10A640001520524BC0660E382608A2433443903280
:10A650000C90720478540420C214082126250CF0B2
:10A660000420100A3021C0320248A30000187605E9
:10A6700038940410C32B5025B02B201032900400C6
:10A6800000784852134C21B89250A82934A3800175
:10A69000D832C81825505A20403A68A036E068766B
:10A6A0000C08900400005F607214609804484296A1
:10A6B00010250C49E95404344337385602F349E66F
:10A6C00094040CC3648041784161923760761BB07A
:10A6D0004BB442B83EC818037212486DFA03417871
:10A6E000393B3148572041E826411C1A1A28563870
:10A6F000E09A55D002150F481617783A60993F2016
:10A70000430703730050302302029AD004204137DC
:10A71000300112902D080446485097C23C802958B9
:10A720003E408E03900404428CF072191894040C7D
:10A730004396C825E43608DF90040CC396487E0D86
:10A740001703A748C2807A15A0AFFA42A8037E1467
:10A75000A80390042A439AF025203F1E80C003934B
:10A76000421418321CF04D0003ADB00425204E20D9
:10A770007803552041182E1668044538A241182147
:10A78000F05E0690039A6EA0061511807612C8A797
:10A790001BC3C825984A30D1A600382E1FF003519C
:10A7A000A89214788E19080497C3DC082D18034E5C
:10A7B0001EF804DFC38C78034DF0049C04B4C25F20
:10A7C00030037A32886F34434803B20618410C21B3
:10A7D000A82D8405021527908988D404344346E0C7
:10A7E0003A80BD9C04B4C2B9C80466130CA8040026
:10A7F0002CC2104D2A034D60039EF0B00429404E38
:10A8000006D10597005A205E28CC042D2805E2BE0B
:10A81000485DA8039E55A8030E151560032D00037F
:10A820004A86105D300676C8F849389C04B4C21ECA
:10A83000A0057E2E20046D680427F041F4861D508B
:10A840004EC3B6045804C84108704D47084334430A
:10A85000185404A0C109E06D2707920118961E80C4
:10A860009201485E22F406E9B89618E0A598021510
:10A870002760822FD86E42A80621C02D7C053E207D
:10A88000AE07BE1BE0078E1F3003A2C2787E2828C9
:10A8900005800534430E01306E22E4071D7A079EC1
:10A8A000917803313041285D180681186130A94044
:10A8B000722948900434432D1821A8AB1409A041F3
:10A8C000902E2C3003AE018808413021180310026D
:10A8D0000160762D50C16006152080061519687E2E
:10A8E0002890039404B44219807622681DEA088AED
:10A8F00001B87E24F8075C0434435890065E046077
:10A9000003560A68A1489E24900365085204C06556
:10A91000C8ED90030E11100006762B3194043443D9
:10A9200032802D54092A085DA4040028C2F87E2A2A
:10A93000900969F02FA0412C039E2538049E142015
:10A94000049A30A0AD78099E2668049273F08A2597
:10A95000F95D200A4D6804922618963C208E290045
:10A960000355204D28052DD0055E14C0035D8807D2
:10A970005B4211E84DE80569707EF0C0033E146D3E
:10A980000A6D880849B825084310414865385A11AE
:10A9900058AF860020044D08049231D83EC84608BE
:10A9A0003E5C5003923318ADB8089E30180396DC15
:10A9B000688130CDE8083DA8095DE0079E50B808E1
:10A9C0002DE808A78410C841189A30709278187E34
:10A9D00031060481902D8C09101501010302020239
:10A9E0000301010105040404010301020204112012
:10A9F000040406060D311021013006030303010390
:10AA00002A11100C36350001020507090B0E0F1034
:10AA100011161A1E22232627292B2F313335393FB1
:10AA200045494A4D4E4F52535557595B5D5F6265DC
:10AA300068696C6F717375787A7C7E700C02310175
:10AA40000C594F2601583A48492F803F320812FFCF
:10AA500001520108210C0D40960D174843F0824326
:08AA6000101A403A72200400B4
:04000005080001C925
:00000001FF
